code,label_eng,label_kor,degree,is_age_contra,age_rule,age_reason,is_preg_contra,preg_grade,preg_reason,is_elderly_caution,elderly_reason
D000314,Rifampicin,리팜피신,45,True,8세미만,흡인위험과에탐부톨로인한시력변화평가가어려울수있음,True,2등급,(Rifampicin)동물실험에서기형발생보고|(Isoniazid)동물실험(마우스)에서태자발육장애가보고|(Pyrazinamide)임부에대한안전성미확립 / (Rifampicin)동물실험에서기형발생보고(Isoniazid)동물실험(마우스)에서태자발육장애가보고 / (Rifampicin)동물실험에서기형발생보고|(Pyrazinamide)임부에대한안전성미확립|(Isoniazid)동물실험(마우스)에서태자발육장애가보고|(Ethambutol)임부에대한안전성미확립 / 동물실험에서기형발생보고,False,-
D001650,Nirmatrelvir,니르마트렐비르,40,False,-,-,True,2등급,-임부에대한안전성미확립-사람에서Ritonavir의태반전달및태아노출관찰-동물실험에서골화지연|발달변이|태자체중감소관찰,False,-
D000139,SelegilineHydrochloride,셀레길린염산염,40,False,-,-,True,2등급,임부에대한안전성미확립.,False,-
D000476,Carbamazepine,카르바마제핀,29,False,-,-,True,2등급,동물실험에서과량투여시태아사망률증가|결함발생등보고.간질여성의자식에이분척추및기타선천성기형(예|두개안면결함|심혈관기형|요도하열|각종신체기관의이상)및성장장애와의관련보고.,False,-
D000274,Ketorolac,케토롤락,29,True,16세이하 / 2세미만,안전성및유효성미확립,True,2등급,임부에대한안전성미확립.임신말기에투여시태아의동맥관조기폐쇄가능성.동물실험에서난산발생빈도증가|분만지연|태아생존율감소보고.,False,-
D000429,Moclobemide,모클로베미드,29,False,-,-,False,-,-,False,-
D000762,Itraconazole,이트라코나졸,28,False,-,-,True,2등급,임부에대한안전성미확립.동물실험에서고용량투여시태자기형발생증가|배자독성유발됨.,False,-
D000595,Phenytoin,페니토인,28,False,-,-,True,2등급,역학조사에서기형아(구순열|구개열|심기형)출산|태아의종창(신경아세포증)|히단토인증후군|신생아출혈경향등보고.,False,-
D000447,St.JohnsWort,세인트존스워트,27,False,-,-,True,2등급,(정제|액제)임부에서사용경험이충분하지않음,False,-
D000213,Pimozide,피모짓,26,False,-,-,True,2등급,임부에대한안전성미확립.임신3기에투여시신생아에서추체외로장애|금단증상(초조|근육긴장항진또는저하|진전등)보고.,True,노인에서의정형항정신병약물사용은추체외로증상|항콜린성부작용등이나타나기쉬우므로신중투여
D000201,Dronedarone,드로네다론,25,False,-,-,True,2등급,동물실험에서기형유발.,False,-
D000113,Haloperidol,할로페리돌,24,False,-,-,True,2등급,기형발생의심증례보고.임신말기나분만중투여시신생아에서기면|진전|과흥분성나타날수있음.임신3기에복용시신생아에서추체외로장애|금단증상(초조|근육긴장항진또는저하|진전등)보고.,True,노인에서의정형항정신병약물사용은추체외로증상|항콜린성부작용등이나타나기쉬우므로신중투여
D000747,Ergotamine,에르고타민,23,False,-,-,True,1등급,주석산에르고타민의자궁수축및혈관수축작용.,False,-
D000150,Atazanavir,아타자나비르,22,True,3개월이하,핵황달의위험나타날수있음,False,-,-,False,-
D000202,Dihydroergotamine,디히드로에르고타민,22,False,-,-,True,1등급,(경구)임부에대한안전성미확립.(주사)동물실험에서고용량투여시자궁평활근및태반의혈류량을감소시켜태자의성장장애가능성보고.,False,-
D000259,Amiodarone,아미오다론,21,False,-,-,True,2등급,임부에대한안전성미확립.부정맥위험이증가될수있으므로진통및분만중에사용시모니터링필요.,False,-
D000673,Cobicistat,코비시스타트,20,True,36개월미만 / 3개월미만,안전성및유효성미확립생후23-26일랫트에서사망관찰됨. / 핵황달의위험나타날수있음.,True,2등급,임부에대한안전성미확립 / 임신한여성을포함한환자들에게투여시고빌리루빈혈증이흔하게발생함 / 임신중약물노출감소.임신기간중이약투여를시작하면안됨,False,-
D000712,Ritonavir,리토나비르,20,False,-,-,False,-,-,False,-
D000443,Voriconazole,보리코나졸,20,False,-,-,True,2등급,임부에대한안전성미확립.동물실험에서생식독성관찰됨.,False,-
D000256,Erythromycin,에리트로마이신,16,False,-,-,True,2등급,-,False,-
D000027,Simvastatin,심바스타틴,16,False,-,-,True,1등급,태아발육에필수적인콜레스테롤의생합성감소가능성. / 임부에대한안전성은확립되어있지않다.임부를대상으로심바스타틴을투여한대조임상시험은수행되지않았다.드물게|HMG-CoA환원효소저해제가자궁내에노출된후|선천성기형이드물게보고되었다,False,-
D000373,Clarithromycin,클래리트로마이신,15,False,-,-,True,2등급,-,False,-
D000334,Cyclosporine,사이클로스포린,15,False,-,-,True,2등급,임부에대한안전성미확립.동물실험에서생식독성보고.37주미만의미숙아출산위험성높음.,False,-
D000560,Epinephrine,에피네프린,15,False,-,-,True,2등급,태아의산소결핍초래가능성.,False,-
D000769,Ketoconazole,케토코나졸,14,False,-,-,True,2등급,동물실험에서고용량투여시기형발생(합지증|핍지증)보고.임신첫3분기에노출된태아에서사지결손보고.,False,-
D000419,Lovastatin,로바스타틴,14,True,20세미만,안전성및유효성미확립,True,1등급,태아발육에필수적인콜레스테롤의생합성감소가능성.,False,-
D000716,Methotrexate,메토트렉세이트,13,False,-,-,True,1등급,1등급(류마티스성관절염및건선치료)2등급(항암치료)난자형성또는정자발생이상|일시적정자부족증|월경기능장애|불임증및임신1기에투여시유산|태아사망|선천기형보고.,False,-
D000282,Phenobarbital,페노바르비탈,13,False,-,-,True,2등급,기형아(구순열|구개열)발생이유의하게높음(역학보고).신생아에서출혈경향|호흡억제|금단증상(다동|진전|반사고진|과긴장등)가능성및엽산저하보고.,False,-
D001697,Lorlatinib,롤라티닙,12,False,-,-,True,2등급,-임부에대한안전성미확립-동물실험에서배아치사성|태자체중감소및기형(사지뒤틀림|다지증|위벽파열|신장기형|반구형머리|높은아치형입천장|뇌실확장)이관찰됨,False,-
D000246,Sildenafil,실데나필,12,True,18세이하,_,True,1등급,(폐동맥고혈압치료시제외)여성에게사용할수없음동물실험에서착상률|수컷태자의체중감소|한배새끼수감소나타남,False,-
D000181,Tadalafil,타다라필,12,True,18세미만,_,True,1등급,여성에게사용할수없음,False,-
D000719,Mizolastine,미졸라스틴,11,False,-,-,False,-,-,False,-
D000003,Nelfinavir,넬피나비어,11,False,-,-,True,2등급,임부에대한안전성미확립,False,-
D001562,Ranolazine,라놀라진,11,False,-,-,True,2등급,동물연구에서배·태자독성을보임,False,-
D001418,Ribociclib,리보시클립,11,False,-,-,True,2등급,동물생식독성시험에서랫드(사람노출량의0.6배)에서착상후유산발생률증가와태자체중감소|토끼(사람노출량의1.5배)에서태자기형발생률증가,False,-
D000650,Sumatriptan,수마트립탄,11,False,-,-,True,2등급,임신2기|3기중투여에대한안전성미확립.,False,-
D000019,Acitretin,아시트레틴,10,False,-,-,True,1등급,최기형성이있음.,False,-
D001743,Finerenone,피네레논,10,False,-,-,True,2등급,-임부에대한안전성미확립-동물실험에서태아체중감소|골화지연|태반무게감소|내장및골격변이(경미한부종|짧은탯줄|약간확대된천문|귓바퀴풀림지연)|희귀기형(중복대동맥궁)을포함한복잡한기형|새끼사망률증가|새끼에서약간증가된운동활동|초기배아독성징후(착상후손실증가및생존가능한태아수감소)가관찰됨,False,-
D001763,Lurasidone,루라시돈,10,False,-,-,True,2등급,-임부에대한안전성미확립-임신3기동안항정신병약물에노출된신생아에서추체외로및/또는금단증상보고(초조|근긴장항진증|근긴장저하증|진정|졸림|호흡곤란|섭식장애포함),True,-
D000718,Metformin,메트포르민,10,False,-,-,True,2등급,-,False,-
D000569,Udenafil,유데나필,10,True,18세이하,_,True,1등급,여성에게사용할수없음동물실험에서골격변이|골화지연|차산자의사산|신체발육부진나타남,False,-
D000434,Vardenafil,바데나필,10,True,18세미만,_,True,1등급,여성에게사용할수없음동물실험에서구개안면골기형|흉골|척추|늑골의변이|차산자의신체발달지체관찰됨,False,-
D001609,Venetoclax,베네토클락스,10,False,-,-,True,2등급,동물시험에서배아-태아독성이나타남.이약은임부에투여시태아에유해할수있음,False,-
D001701,Acalabrutinib,아칼라브루티닙,9,False,-,-,True,2등급,-동물실험에서난산|태아체중감소및골화지연관찰됨.,False,-
D001606,Brigatinib,브리가티닙,9,False,-,-,True,2등급,임부에게투여시태아손상을발생시킬수있음.동물에대한시험에서생식독성이확인됨,False,-
D001563,Doravirine,도라비린,9,False,-,-,False,-,-,False,-
D001171,Elbasvir,엘바스비르,9,False,-,-,True,2등급,임부에대한안전성미확립,False,-
D000763,Indinavir,인디나빌,9,False,-,-,False,-,-,False,-
D000228,Methylergometrine,메틸에르고메트린,9,False,-,-,True,1등급,자궁수축작용으로인한자궁내태아에대한악영향|유산가능성.,False,-
D000007,Midazolam,미다졸람,9,False,-,-,True,2등급,벤조디아제핀계약물의최기형성사례(대조군에비해높음)|신생아포유곤란|근긴장저하|졸음|황달증가및분만전연용시신생아금단증상(신경과민|진전|과다긴장등)보고.,False,-
D000405,Posaconazole,포사코나졸,9,False,-,-,True,2등급,동물실험에서생식독성관찰됨,False,-
D001604,Safinamide,사피나미드,9,False,-,-,True,2등급,임신한랫트에서기관형성기간에이약의투여는이소성고환|비뇨기적변화(세뇨관확장및신우확장)및태아의골격이상을유발함,False,-
D000279,Tacrolimus,타크로리무스,9,True,2세미만,안전성및유효성미확립,True,2등급,임부에대한안전성미확립.태아에고칼륨혈증및신기능장애나타남.동물실험에서최기형작용|유산증가|모체독성|생존감소등보고.,False,-
D001076,Ceritinib,세리티닙,8,False,-,-,True,2등급,임부에대한안전성미확립|랫트와토끼에서권장용량보다낮은용량에서태자골격형성장애유발,False,-
D001362,Glecaprevir,글레카프레비르,8,False,-,-,False,-,-,False,-
D001590,Ibrutinib,이브루티닙,8,False,-,-,True,2등급,동물실험결과에근거하여임부복용시태아에위해가능성있음,False,-
D000161,Irinotecan,이리노테칸,8,False,-,-,True,2등급,임부에대한안전성미확립.동물시험에서최기형성(외표이상|내장기형및골격기형등)및착상후손실증가와생존태자수감소의독성보고.,False,-
D000758,Isotretinoin,이소트레티노인,8,False,-,-,True,2등급,전신투여시기형발생작용과관련됨. / 임신중의투여에대한안전성미확립(이소트레티노인에한함),False,-
D000128,Mirodenafil,미로데나필,8,True,18세이하,_,True,1등급,여성에게사용할수없음동물실험에서골격변이의태자독성|체중증가억제나타남,False,-
D000701,Phendimetrazinetartrate,펜디메트라진타르타르산염,8,True,16세이하,안전성및유효성미확립,True,1등급,-임부에안전성미확립.-치료상의유익성이위험성을상회한다고판단되는경우에만투여.,False,-
D001081,Rifabutin,리파부틴,8,False,-,-,True,2등급,임부에대한안전성미확립,False,-
D000820,Alitretinoin,알리트레티노인,7,False,-,-,True,1등급,-,False,-
D000395,Darunavir,다루나비르,7,True,3세미만,안전성및유효성미확립,False,-,-,False,-
D000619,FusidicAcid,푸시딘산,7,True,4주미만,핵황달발생위험이있음,False,-,-,False,-
D001612,Isavuconazonium,이사부코나조늄,7,False,-,-,True,2등급,동물시험에서생식독성이관찰됨,False,-
D000626,Lopinavir,로피나비르,7,False,-,-,False,-,-,False,-
D000714,Mazindol,마진돌,7,True,16세이하,안전성및유효성미확립,True,1등급,-동물의생식·발생독성실험에서출산시태자의사망위험성이증가,False,-
D000082,Norepinephrine,노르에피네프린,7,False,-,-,True,2등급,자궁혈관의수축으로태아가사상태가능성.,False,-
D000795,Phentermine,펜터민,7,True,16세이하,안전성및유효성미확립,True,1등급,-임부에안전성미확립.-치료상의유익성이위험성을상회한다고판단되는경우에만투여,False,-
D000225,Rilpivirine,릴피비린,7,False,-,-,False,-,-,False,-
D000488,Tretinoin,트레티노인,7,False,-,-,True,1등급,(경구)기형발생작용높음.(외용)임부에대한안전성미확립.임부에국소적용한후태어난신생아에서결손보고.,False,-
D000171,Zolmitriptan,졸미트립탄,7,False,-,-,True,2등급,임부에대한안전성미확립.태아의생명력저하로볼수있는경우보고.,False,-
D000745,Almotriptan,알모트립탄,6,False,-,-,True,2등급,임부에대한안전성미확립.,False,-
D000343,Amantadine,아만타딘,6,False,-,-,True,2등급,임신합병증|기형(심혈관의결함|수족의짧음)보고.,False,-
D000455,Atorvastatin,아토르바스타틴,6,False,-,-,True,1등급 / 2등급,임부에대한안전성미확립 / 임부에대한안전성미확립. / 일부에대한안전성미확립임신2기및3기에ACE저해제투여시태아위해및사망보고. / 안전성미확립HMG-CoA환원효소저해제가콜레스테롤합성및콜레스테롤생합성경로의다른생성물을감소시킬우려가있음,False,-
D000018,BupropionHydrochloride,부프로피온염산염,6,False,-,-,True,2등급,-,False,-
D001748,Cabotegravir,카보테그라비르,6,False,-,-,True,2등급,-임부에대한안전성미확립-랫드에서자손의생존율과생존능력감소와연관있는분만지연을유발하고|태아체중감소가관찰됨,False,-
D000505,Diethylpropion,디에틸프로피온,6,True,16세이하,안전성및유효성미확립,True,1등급,-임신중복용으로신생아에게금단증상을일으킬수있음.-이약과의연관성은확립되어있지않으나|선천성기형에대한자발적보고가있었음.-고용량투여는모체|배아에독성을일으킬수있음.,False,-
D000592,Triazolam,트리아졸람,6,True,18세미만,-안전성및유효성미확립,True,1등급,벤조디아제핀계약물의최기형성사례(대조군에비해높음)|신생아포유곤란|근긴장저하|졸음|황달증가및분만전연용시신생아금단증상(신경과민|진전|과다긴장등)보고.,False,-
D001723,isosorbidedinitrate,이소소르비드이질산염,6,False,-,-,False,-,-,False,-
D001722,isosorbidemononitrate,이소소르비드일질산염,6,False,-,-,False,-,-,False,-
D001585,Cabozantinib,카보잔티닙,5,False,-,-,True,2등급,임부에대한안전성미확립|동물실험에서배아독성|태아독성및기형유발영향|랫드에서이식후손실|태아부종|구개열/구순열|피부무형성|비틀린또는미성숙한꼬리유발|토끼에서태아의연조직변화(비장크기감소|중간폐엽이작거나결손)및총기형의태아발병증가,False,-
D000558,Efavirenz,에파비렌즈,5,True,3개월미만,-안전성및유효성미확립-소아에서성인에비해발진(Grade3또는4포함)이더높은빈도로보고됨,True,2등급,임부에대한안전성미확립.동물실험에서기형(무뇌증및단안무안구증|소안구증|구개열)및태자재흡수증가보고.,False,-
D000350,Ezetimibe,에제티미브,5,False,-,-,True,2등급,동물실험에서고용량투여시태자골격이상(늑골추가형성|경추중심부골화부전|늑골축소)발현증가관찰.,False,-
D000517,Fluconazole,플루코나졸,5,False,-,-,True,2등급,임신첫3개월안에150mg을단회또는반복투여한임부에서자연유산및영아의선천성이상보고.임신첫3개월의모든또는대부분의기간동안고용량(1일400-800mg)투여시영아에서출생기형(납작머리증|비정상적얼굴|비정상정머리덮개뼈발달|구개열|대퇴부휨|얇은갈비뼈|긴뼈|관절굽음증|선천적심장질환)이나타남.콕시디오이데스진균증에대해3개월이상고용량(1일400-800mg)투여시영아에서다발성선천성기형보고.동물실험에서고용량투여시태자의해부학적인변형(과잉늑골|신우확장)증가및골화지연|배자치사증가|태아기형(파형늑골|구개열|비정상적인두개안면부골화)확인.,False,-
D000114,Hydroxyzine,히드록시진,5,False,-,-,True,2등급,신생아에서근육긴장저하|추체외로장애를포함한운동이상|간대성운동|중추신경계억제|신생아저산소증|뇨저류등보고.동물실험에서생식독성보고.,True,-
D000362,Imipramine,이미프라민,5,False,-,-,True,2등급,동물실험에서최대임상노출보다는낮은정도의전신노출수준(AUC)에서생식독성나타냄.임신말기에복용시신생아중단증후군발생가능성.,True,노인에서의삼환계항우울제사용은기립성저혈압|비틀거림|항콜린작용에의한구갈|배뇨곤란|변비|안내압항진등이나타나기쉬움으로소량으로신중투여
D001063,Lorcaserin,로카세린,5,False,-,-,True,1등급,임부에서의사용경험이제한적이고|임부의체중감소가태아에미칠수있는잠재적위험이있음,False,-
D001594,Midostaurin,미도스타우린,5,False,-,-,True,2등급,임부에대한안전성미확립|랫드와토끼에서태자독성유발|랫드와토끼를대상으로한태자발달연구에서만기재흡수수의증가|태자중량감소그리고골격골화감소가관찰됨.출생전|후발생시험에서모체성난산및감소된산자수|새끼의저체중|완벽한개안촉진|늦은청각반사개체(delayedauricularstartleontogeny)가관찰,False,-
D000530,Molsidomine,몰시도민,5,False,-,-,False,-,-,False,-
D000287,Naratriptan,나라트립탄,5,False,-,-,True,2등급,임부에대한안전성미확립.,False,-
D000498,Nicorandil,니코란딜,5,False,-,-,False,-,-,False,-
D000466,Nortriptyline,노르트립틸린,5,True,18세이하,안전성및유효성미확립,True,2등급,임부에대한안전성미확립.,True,노인에서의삼환계항우울제사용은기립성저혈압|비틀거림|항콜린작용에의한구갈|배뇨곤란|변비|안내압항진등이나타나기쉬움으로소량으로신중투여
D000698,Rasagiline,라사길린,5,False,-,-,True,2등급,임부에대한안전성미확립.,False,-
D000022,Sotalol,소타롤,5,False,-,-,True,2등급,태반통과및비정상적인신생아체중보고.,False,-
D001149,palbociclib,팔보시클립,5,False,-,-,True,2등급,임부에투여시태아에유해할수있음.동물실험에서배티자독성(태자독성|태자체중감소|골격변형|태아사망)나타남.,False,-
D000030,Amisulpride,아미설프리드,4,True,15세미만,안전성및유효성미확립,True,2등급,임부에대한안전성미확립.,True,-
D001419,Bictegravir,빅테그라비르,4,False,-,-,True,2등급,임부에대한안전성미확립,False,-
D000015,Bosentan,보센탄,4,False,-,-,True,1등급,임신중투여시선천성결함야기가능성.,False,-
D000541,Bromocriptine,브로모크립틴,4,False,-,-,False,-,-,False,-
D001552,Burosumab,부로수맙,4,False,-,-,True,2등급,원숭이를이용한생식및발달독성연구결과|임상최대노출용량의3.7배에해당하는용량에서조기분만율의증가|임상최대노출용량의32배에해당하는용량에서태반의무게와미네랄축적의증가|유산율및배태아사망률의증가가확인됨,False,-
D000584,Chlorpromazine,클로르프로마진,4,True,1세미만,추체외로증상특히운동장애가나타나기쉬움,True,2등급,임부에대한안전성미확립.동물실험에서태자독성(태자사망등)보고.임신중투여시신생아에서진전|추체외로증상등보고.임신말기나분만중투여시기면|진전|과흥분성가능성.임신3기에투여시추체외로장애|금단증상(초조|근육긴장항진또는저하|진전등)보고.,True,노인에서의정형항정신병약물사용은추체외로증상|항콜린성부작용등이나타나기쉬우므로신중투여
D000332,Citalopram,시탈로프람,4,False,-,-,False,-,-,False,-
D000084,Dapoxetine,다폭세틴,4,False,-,-,False,-,-,False,-
D000298,Diflunisal,디플루니살,4,False,-,-,True,2등급,임부에대한안전성미확립.임신말기에투여시태아의동맥관조기폐쇄가능성.동물실험에서난산발생빈도증가|분만지연|태아생존율감소보고.,False,-
D000503,Doxycycline,독시사이클린,4,True,12세미만,소아등(특히치아형성기인12세미만의소아)에투여시|치아의착색？법랑질형성부전|또는일과성골발육부전을일으킬수있음,True,2등급,태자에일과성골발육부전|영구적치아착색|법랑질형성부전보고.동물실험에서태자독성(주로골격발달지연과관련)및배자독성보고.,False,-
D001079,Enzalutamide,엔잘루타마이드,4,False,-,-,True,1등급,-여성에게투여하지않음.발생기태아에위험을초래할수있음.임부가복용하거나복용중에임신을할경우|태아에위험하며유산가능성이있음.,False,-
D000212,FlecainideAcetate,플레카이니드아세테이트,4,False,-,-,True,2등급,동물실험에서기형발생이인정됨.,False,-
D000516,Fluoxetine,플루옥세틴,4,False,-,-,False,-,-,False,-
D000800,Fluvoxamine,플루복사민,4,False,-,-,False,-,-,False,-
D001711,Ixazomib,익사조밉,4,False,-,-,False,-,-,False,-
D000699,Lansoprazole,란소프라졸,4,False,-,-,True,2등급,임부에대한안전성미확립.토끼(경구30mg/kg)에서태자사망율의증가가인정됨.랫트에서태자의골성장지연이보고됨.,False,-
D000215,Nitroglycerin,니트로글리세린,4,False,-,-,False,-,-,False,-
D000787,Nitroprusside,니트로푸루시드,4,False,-,-,True,2등급,임부에대한안전성미확립.,False,-
D000700,Pethidine,페티딘,4,False,-,-,True,2등급,신생아에서마약금단증상(신경과민|과도한움직임|울음|불면|떨림|발열등)가능성.출산/분만중투여시신생아호흡억제유발가능성.,False,-
D001598,Ponatinib,포나티닙,4,False,-,-,True,2등급,기관형성기에임신한랫드대상배태자발달에대한영향연구결과배태자독성관찰됨.모체독성용량3mg/kg/일(사람권장용량에서AUC와동등)에서태아흡수증가|체중감소|외형변화|여러연조직및골격변화|골화감소|1mg/kg/일(사람권장용량에서AUC의약24%)에서도여러태아연조직및골화감소를포함한골격변화등배태자독성관찰나타남,False,-
D000628,Roxithromycin,록시트로마이신,4,False,-,-,True,2등급,-,False,-
D000141,Sibutramine,시부트라민,4,False,-,-,False,-,-,False,-
D001082,Sirolimus,시롤리무스,4,False,-,-,True,2등급,동물실험에서태아독성보고,False,-
D000064,Tetracycline,테트라사이클린,4,True,12세미만,소아등(특히치아형성기인12세미만의소아)에투여시|치아의착색？법랑질형성부전|또는일과성골발육부전을일으킬수있음,True,2등급,태자에일과성골발육부전|영구적치아착색|법랑질형성부전보고.동물실험에서태자독성(주로골격발달지연과관련)및배자독성보고.,False,-
D000182,Tigecycline,타이제사이클린,4,True,8세이하,치아발달기의환자(임신후반기|영아및8세이하의소아)에게이약을사용할경우영구적인치아변색을유발할수있음,True,2등급,임부에대한안전성미확립.동물실험에서태자의체중감소|중요하지않은골격이상(골화지연)증가|태자감소보고.,False,-
D001703,Zanubrutinib,자누브루티닙,4,False,-,-,True,2등급,-임부에대한안전성미확립-동물실험에서치명적인심장기형|착상후태자소실|모체독성|이유전체중감소|이상안구소견(백내장|동출된눈등)관찰,False,-
D000173,Ziprasidone,지프라시돈,4,False,-,-,True,2등급,임부에대한안전성미확립.임신3기에투여시신생아에서추체외로장애|금단증상(초조|근육긴장항진또는저하|진전등)보고.,True,-
D000028,Adefovirdipivoxil,아데포비어디피복실,3,False,-,-,True,2등급,동물실험에서배자독성|태자기형증가함,False,-
D000742,Azithromycin,아지트로마이신,3,False,-,-,False,-,-,False,-
D000020,Blonanserin,블로난세린,3,False,-,-,True,2등급,임부에대한안전성미확립임신3기에투여시신생아에서추체외로장애|금단증상의위험가능성.,True,-
D000238,Bromperidol,브롬페리돌,3,False,-,-,True,2등급,동물실험에서태자독성(태자흡수증가등)보고.임신말기나분만중투여시신생아에서기면|진전|과흥분성가능성.임신3기에투여시신생아에서추체외로장애|금단증상보고.,False,-
D000581,Calcitriol,칼시트리올,3,False,-,-,True,2등급,과량투여시태아독성의위험(육체적·정신적발달지체|대동맥협착).,False,-
D000142,Ciprofloxacin,시프로플록사신,3,True,18세미만,-안전성및유효성미확립-퀴놀론계항균제는몇몇어린동물종에서특히체중부하부위의관절병증|뼈연골증을유발함,True,2등급,임부에대한안전성미확립.동물실험에서미성숙개체에서관절연골손상유발가능성.,False,-
D000277,Clomipramine,클로미프라민,3,False,-,-,True,2등급,동물실험에서최대임상노출보다는낮은정도의전신노출수준(AUC)에서생식독성나타냄.임신말기에복용시신생아중단증후군발생가능성.,True,노인에서의삼환계항우울제사용은기립성저혈압|비틀거림|항콜린작용에의한구갈|배뇨곤란|변비|안내압항진등이나타나기쉬움으로소량으로신중투여
D000696,Dexketoprofen,덱스케토프로펜,3,True,12세이하,안전성및유효성미확립,True,2등급,(경구)양수과소증을수반하는신부전|항응고효과로인한출혈시간지연|자궁수축억제로인한출산지연가능성.(주사)임부에대한안전성미확립.자궁수축저해로인한출산지연.자궁내수축또는동맥관폐쇄유도로인한신생아폐성고혈압및호흡불충분.태아혈소판과신장기능억제로인한양수과소증및신생아무뇨증가능성.,True,-
D000200,Dextromethorphan,덱스트로메토르판,3,False,-,-,False,-,-,False,-
D001820,Digoxin,디곡신,3,False,-,-,False,-,-,False,-
D000319,Dolasetron,돌라세트론,3,True,18세이하,소아및청소년에게이약을투여시급격한심전도변화가흔하게나타나고|QTc간격의급격한변화가성인보다소아에서더크게나타남,False,-,-,False,-
D000665,Emtricitabine,엠트리시타빈,3,False,-,-,False,-,-,False,-
D000155,Ephedrine,에페드린,3,False,-,-,True,2등급,태아의심박수및심장박동변동성증가,False,-
D000035,Escitalopram,에스시탈로프람,3,False,-,-,False,-,-,False,-
D000153,Esomeprazole,에스오메프라졸,3,False,-,-,True,2등급,임부에대한안전성미확립,False,-
D000707,Fluticasone,플루티카손,3,True,3개월미만,-안전성및유효성미확립-소아는체중당체표면적의비율이성인보다커서코르티코이드로인해HPA축(시상하부-뇌하수체-부신축)억제|쿠싱증후군|발육장애등이나타나기쉬우며|치료중또는치료중단후부신부전이나타날위험이높음,True,2등급,임부에대한안전성미확립.동물실험에서코르티코스테로이드는상대적으로낮은농도로전신투여시기형을유발하는것으로관찰됨.,False,-
D000407,Frovatriptan,프로바트립탄,3,False,-,-,True,2등급,임부에대한안전성미확립.동물실험에서생식독성보고.,False,-
D000076,Gemfibrozil,겜피브로질,3,False,-,-,True,2등급,동물실험에서종양발생보고.태아독성유발가능성.,False,-
D001589,Gilteritinib,길테리티닙,3,False,-,-,True,2등급,임부에대한안전성미확립|랫드에서태아성장을억제하고배아-태아사망및최기형성을초래,False,-
D000080,Gimeracil,기메라실,3,False,-,-,False,-,-,False,-
D000672,Ketoprofen,케토프로펜,3,True,15세미만 / 6세미만 / 4주미만,_ / 안전성및유효성미확립 / -안전성및유효성미확립-벤질알코올은조숙아에서치명적인가쁜호흡증상과연관이있는것으로보고됨,True,2등급,임부에대한안전성미확립.임신후기에투여시태아순환지속증과태아신부전발생보고및출혈시간연장가능성.임신말기에투여시태아동맥관조기폐쇄가능성.동물실험에서동맥혈관수축|심폐와신장독성발생|난산발생빈도증가|분만지연|태아생존율감소보고.,True,-
D001364,Letermovir,레테르모비르,3,False,-,-,True,2등급,임부에대한안전성미확립동물실험에서배태자독성및태자기형보고랫트의출생전후발생시험에서사람에대한권장용량에서의노출도의2배에서총한배새끼소실관찰,False,-
D000059,LithiumCarbonate,탄산리튬,3,False,-,-,True,2등급,동물실험에서기형발생|사람에서심장기형의발현빈도증가보고.,False,-
D000229,Methylphenidate,메틸페니데이트,3,True,5세이하,안전성및유효성미확립,True,2등급,최대권장용량의약40배를토끼에투여시최기형성(태자척추피열증가)관찰됨.,False,-
D000127,Minocycline,미노사이클린,3,True,12세미만,소아등(특히치아형성기인12세미만의소아)에투여시|치아의착색·법랑질형성부전|또는일과성골발육부전을일으킬수있음,True,2등급,태자에일과성골발육부전|영구적치아착색|법랑질형성부전보고.동물실험에서태자독성(주로골격발달지연과관련)및배자독성보고.,False,-
D000006,Morphine,모르핀,3,False,-,-,True,2등급,동물실험에서고용량투여시저산소증으로인한기형유발|새끼의사망률및발달장애증가보고.신생아에서마약금단증상(신경과민|과도한움직임|울음|불면|떨림|발열등)가능성.출산/분만중투여시신생아호흡억제유발가능성.,False,-
D001699,Neratinib,네라티닙,3,False,-,-,True,2등급,-토끼에서유산|배태자사망(흡수증가)|태자이상관찰됨,False,-
D000196,Nisoldipine,니솔디핀,3,False,-,-,True,2등급,동물실험에서태아의발육억제및최기형작용보고(유사약물에서).,False,-
D000469,Omeprazole,오메프라졸,3,False,-,-,False,-,-,False,-
D000263,Oxcarbazepine,옥스카르바제핀,3,False,-,-,True,2등급,동물실험에서태자의구조적기형및다른발달학적독성(태자사망률증가|성장지연)발생증가|신생아응고작용방해보고.,False,-
D000754,Oxytetracycline,옥시테트라사이클린,3,True,12세미만,소아등(특히치아형성기인12세미만의소아)에투여시|치아의착색·법랑질형성부전|또는일과성골발육부전을일으킬수있음,True,2등급,태자에일과성골발육부전|영구적치아착색|법랑질형성부전보고.동물실험에서태자독성(주로골격발달지연과관련)및배자독성보고.,False,-
D000353,Paroxetine,파록세틴,3,False,-,-,True,2등급,임신초기3개월이내복용시선천성기형(심실및심방중격결손등)발생위험이다른항우울제에비해2.2배높음.임신후기에SSRIs복용시신생아폐동맥고혈압존속증위험성이전체인구대비4~5배높음.임신말기3개월에SSRIs복용시신생아합병증(호흡곤란|청색증등)보고.,False,-
D000513,Pentamidin,펜타미딘,3,False,-,-,False,-,-,False,-
D000781,Perphenazine,페르페나진,3,True,14세이하,추체외로증상특히운동장애가나타나기쉬움,True,2등급,임부에대한안전성미확립.동물실험에서기형발생보고.임신3기에투여시신생아에서추체외로장애|금단증상(초조|근육긴장항진또는저하|진전등)보고.,True,노인에서의정형항정신병약물사용은추체외로증상|항콜린성부작용등이나타나기쉬우므로신중투여
D000448,Pseudoephedrine,슈도에페드린,3,False,-,-,True,2등급,임부에대한안전성미확립.,False,-
D000219,Rosuvastatin,로수바스타틴,3,False,-,-,True,1등급,임부에대한안전성미확립.태아발육에필수적인콜레스테롤의생합성감소가능성.동물실험에서제한된생식독성보고. / 임부에게레닌-안지오텐신-알도스테론계(RAAS)에직접작용하는약물들의투여시|태아및신생아에게손상및사망까지도일어날수있으며|이러한사례는ACE억제제를복용한환자에서도세계적으로수십례가보고된바있다. / 임부에게레닌-안지오텐신-알도스테론계(RAAS)에직접작용하는약물의투여시|태아및신생아에게심각한손상및사망까지도일어날수있으며|이러한사례는ACE억제제를복용한환자에서도세계적으로수십례가보고된바있다. / 안전성미확립 / 임신2|3기인임부에레닌-안지오텐신시스템에직접적으로작용하는약물투여시|태아및신생아에게손상및사망까지유발할수있다. / 레닌-안지오텐신계에직접작용하는약물을임부(임신제2～3기)에투여시|태아및신생아손상및사망이일어날수있음,False,-
D000336,Sertraline,설트랄린,3,False,-,-,False,-,-,False,-
D000777,Thrombin,트롬빈,3,False,-,-,False,-,-,False,-
D001003,Tofacitinib,토파시티닙,3,False,-,-,True,2등급,-,False,-
D000487,Tolvaptan,톨밥탄,3,False,-,-,True,2등급,동물실험에서구개열|소지증|소안구증|골격기형|태아체중감소|태아골화지연|배·태자사망보고.,False,-
D000773,Tramadol,트라마돌,3,True,12세미만,소아에서생명에치명적인호흡억제및사망발생,True,2등급,임부에대한안전성미확립.동물실험에서돌연변이성|발암성|생식독성보고.임신말기고용량단기투여시신생아의호흡억제가능성.임신중장기투여시신생아에게금단증상야기가능성. / 임부에대한안전성미확립.동물실험에서돌연변이성|발암성|생식독성보고.임신말기고용량단기투여시신생아의호흡억제가능성.임신중장기투여시신생아에게금단증상야기가능성.(트라마돌에의함),False,-
D000031,Acemetacin,아세메타신,2,False,-,-,True,2등급,동물실험에서최기형성보고.태아순환지속증|동맥관수축|동매관개존증|신생아신부전|태아장천공|양수과소증발생보고.동물실험에서비스테로이드성소염진통제는난산발생빈도증가|분만지연|태아생존율감소보고.,False,-
D001821,Agalsidaseα,아갈시다제알파,2,False,-,-,False,-,-,False,-
D000151,Alfacalcidol,알파칼시돌,2,False,-,-,True,2등급,과량복용시태아독성위험(육체적·정신적발달지체|대동맥협착)가능,False,-
D001030,Alfuzosin,알푸조신,2,False,-,-,True,2등급,-,False,-
D000660,Alprazolam,알프라졸람,2,False,-,-,True,2등급,임신후기3개월이나분만시노출된영아에서이완소아증후군(근긴장저하)이나신생아금단증상(신경과민|진전|과긴장)|포유곤란|졸음|황달증가발생보고.,False,-
D000159,Amiloride,아미로라이드,2,False,-,-,True,2등급,혈액량감소|혈액점도증가및태반혈류량감소와관련.태아와신생아의황달|태아의골수억제|혈소판감소보고.,False,-
D000248,Amoxapine,아목사핀,2,False,-,-,True,2등급,동물실험에서삼환계항우울약의기형발생작용보고.,True,노인에서의삼환계항우울제사용은기립성저혈압|비틀거림|항콜린작용에의한구갈|배뇨곤란|변비|안내압항진등이나타나기쉬움으로소량으로신중투여
D000144,Anastrozole,아나스트로졸,2,False,-,-,True,1등급,동물실험에서생식독성및태자생존율감소보고.,False,-
D001780,Apalutamide,아팔루타마이드,2,False,-,-,False,-,-,False,-
D000657,Apraclonidine,아프라클로니딘,2,False,-,-,True,2등급,동물실험에서태아부작용발생,False,-
D000452,Aspirin,아스피린,2,False,-,-,True,2등급,정중배벽갈림증에대한위험성증가배제될수없음.동물실험에서생식독성나타남|태자의동맥관수축보고.임신3기동안모든프로스타글란딘합성저해제들은태아의심폐기관독성(동맥관의조기페쇄및폐고혈압)|신기능저하(이는양수과소증)유발가능.임신말기에는산모와아이에서출혈시간연장|항응고작용(저용량)|자궁수축이억제되어분만시간연장또는지연가능.,True,-
D000737,Avanafil,아바나필,2,True,18세이하,_,True,1등급,여성에게사용할수없음동물실험에서태자체중감소|유산율증가|차산자체중감소|모체체중및사료섭취량감소나타남,False,-
D000328,Bedaquiline,베다퀼린,2,False,-,-,True,2등급,임부에대한안전성미확립,False,-
D001693,Bosutinib,보수티닙,2,False,-,-,True,2등급,-임부에대한안전성미확립-동물실험에서이상발달결과(구조적이상|배태자사망및성장변화포함)관찰,False,-
D000641,Brimonidine,브리모니딘,2,True,18세미만 / 2세미만,안전성및유효성미확립 / -안전성및유효성미확립-시판후조사에서이약을투여받은신생아에서무호흡|서맥|저혈압|체온저하|혼수상태|졸음|근긴장저하|무기력|창백|호흡저하가보고됨 / -안전성및유효성미확립-시판후조사에서이약을투여받은영아에서무호흡|서맥|혼수|저혈압|저체온|근육긴장저하|기면|창백|호흡억제|졸음이보고됨,False,-,-,False,-
D000540,Buspirone,부스피론,2,False,-,-,False,-,-,False,-
D000175,Calcifediol,칼시페디올,2,False,-,-,True,2등급,임부에대한안전성미확립동물실험에서사람복용량의6~12배투여시토끼에서기형발생보고,False,-
D000477,Clenbuterol,클렌부테롤,2,False,-,-,True,2등급,임부에대한안전성미확립.동물실험에서임신후기투여시자궁근수축을억제하여분만지연을일으킴.,False,-
D000582,Colchicine,콜키신,2,False,-,-,True,2등급,동물실험에서기형발생작용및사람에서태아염색체손상의위험.,False,-
D000026,Cyproheptadine,시프로헵타딘,2,True,2세이하,안전성및유효성미확립,True,2등급,임부에대한안전성미확립. / 임부에대한안전성미확립(시프로헵타딘에한함),True,-
D000396,Dabigatranetexilate,다비가트란에텍실레이트,2,False,-,-,True,2등급,임부에대한안전성미확립.모체독성용량에서태자의체중감소|태자변이증가|배태자생존력감소보고.,False,-
D001561,Defibrotide,데피브로타이드,2,False,-,-,True,2등급,임부에대한안전성미확립|랫드및토끼에서출혈성유산의발생률증가,False,-
D000506,Diclofenac,디클로페낙,2,True,18세미만 / 4주미만,소아에대한안전성유효성이아직확립되지않았으므로사용하지말것 / 벤질알코올은조숙아에서치명적인가쁜호흡증상과연관이있는것으로보고됨,False,-,-,True,-
D000297,Domperidone,돔페리돈,2,False,-,-,True,2등급,동물실험에서모체독성을유발하는농도에서생식독성보고. / 동물실험에서모체독성을유발하는농도에서생식독성보고.(돔페리돈에한함),False,-
D000501,Doxepin,독세핀,2,False,-,-,True,2등급,동물실험(랫트)에서기관형성기간중에투여시발생독성(태아구조적이상발생증가|태아체중감소)이관찰됨,False,-
D000749,Ethinylestradiol,에티닐에스트라디올,2,False,-,-,True,1등급,태아의손상가능성. / 피임제,False,-
D001700,Fedratinib,페드라티닙,2,False,-,-,True,2등급,-임부에대한안전성미확립-작용기전에따른태아손상가능성있음.동물실험에서배태자사망과최기형성을유발한JAK저해제군에속함-랫드에서착상후손실|태아체중감소|골격변이를포함한배태자의독성과관련됨,False,-
D000070,Fenoterol,페노테롤,2,False,-,-,True,2등급,동물실험에서랫트의태자골격이상출현빈도의증가가보고됨.,False,-
D001648,Fexuprazan,펙수프라잔,2,False,-,-,True,2등급,-임부에대한안전성미확립,False,-
D001755,Filgotinib,필고티닙,2,False,-,-,True,2등급,-임부에대한안전성미확립-동물실험에서내부수두증|팽창된수뇨관|생존가능태자수감소|조기및후기흡수횟수증가|태아체중감소|폐와심혈관계내장기형|척추뼈|갈비뼈및흉골분절의골격기형|흉골분절융합|골격골화지체가관찰됨,False,-
D000798,Furosemide,푸로세미드,2,False,-,-,True,2등급,임부에대한안전성미확립.,False,-
D000075,Gentamicin,겐타마이신,2,False,-,-,True,2등급,(주사)신생아에제8뇌신경장애(특히비가역적선천성난청)가능성.(이식)임부에대한안전성미확립.태반을통과하여치명적인위해가능성. / 동물실험결과태자에바람직하지못한효과를나타내었다.(겐타마이신에한함),False,-
D000363,Ibuprofen,이부프로펜,2,False,-,-,True,2등급,(경구|주사)-임부에대한안전성미확립.-임신말기에투여시태아의동맥관조기폐쇄가능성.-임신약20주이후비스테로이드성소염제의사용은태아의신기능이상을일으켜양수과소증유발가능및경우에따라신생아신장애발생가능(외용)-임신후반기투여시출산지연|출산시실혈|신생아출혈|태아의심폐독성(동맥관조기폐쇄를수반하는폐고혈압)|신기능저하로양수과소증을수반하는신부전발생가능,True,-
D000575,Indometacin,인도메타신,2,False,-,-,True,2등급,(경구)임신말기에투여시태아순환지속증|태아의동맥관수축|동맥관개존증|양수과소/과다증|태아신부전|태아장천공및조기출산한신생아에서괴사성장염보고.동물실험에서기형|난산발생증가|분만지연|태자생존율감소보고.(주사)동물실험에서임신기마지막3일간투여시모체와태자사망|출생자에서는간뇌신경괴사의발생빈도증가및임신3기에투여시출생자의폐혈관수감소|폐혈관근육과도생성보고.,True,-
D000759,Isoproterenol,이소프로테레놀,2,False,-,-,True,2등급,동물실험(마우스|햄스터)에서기형발생이보고됨.,False,-
D000571,Ivabradine,이바브라딘,2,False,-,-,True,2등급,임부에대한안전성미확립.동물실험에서배태자독성및최기형성효과나타남.,False,-
D000302,Levodopa,레보도파,2,True,25세미만,-안전성및유효성미확립-동물실험에서벤세라지드에의해골격기형이나타남,True,2등급,동물실험에서내장|골격기형발생보고.,False,-
D000792,Levomepromazine,레보메프로마진,2,False,-,-,True,2등급,동물실험에서태자독성(대량투여시태자사망등)보고.페노티아진계(클로르프로마진)투여시신생아진전보고.임신3기에투여시신생아에게추체외로장애|금단증상보고.,True,노인에서의정형항정신병약물사용은추체외로증상|항콜린성부작용등이나타나기쉬우므로신중투여
D001035,Linezolid,리네졸리드,2,False,-,-,True,2등급,-,False,-
D000427,Meloxicam,멜록시캄,2,True,15세이하,_,True,2등급,임신초기사용시유산|심장기형|배벽갈림증위험증가.임신말기사용시심폐독성|신기능장애|출혈시간연장|항응집효과|자궁수축억제가능성.동물실험에서착상전후손실|배태자사망률및기형발생증가보고.,True,-
D000125,Methoxyphenamine,메톡시페나민,2,False,-,-,False,-,-,False,-
D000322,Midecamycin,미데카마이신,2,False,-,-,True,2등급,-,False,-
D000323,Mirtazapine,미르타자핀,2,True,18세미만,소아및청소년에서의사용승인되지않음.소아(7~17세)임상시험에서7%이상체중이증가된환자비율이위약군보다높음.,False,-,-,False,-
D000953,Mitotane,미토테인,2,False,-,-,True,2등급,임부에대한안전성미확립.,False,-
D000430,Moxifloxacin,목시플록사신,2,True,18세미만,안전성및유효성미확립,True,2등급,임부에대한안전성미확립.동물실험에서골격기형|유산증가|태자무게감소|출생전사망증가|임신기간연장등보고.,False,-
D000309,Piroxicam,피록시캄,2,True,4주미만 / 80세이상,벤질알코올은조숙아에게서치명적인가쁜호흡증상과연관이있는것으로보고됨 / 중증의위장관계이상반응을일으킬위험은연령에따라증가함.고령자는중대한위장관계이상반응의위험이더클수있음.,True,2등급,임부에대한안전성미확립.임신말기에투여시태아의동맥관조기폐쇄가능성.동물실험에서최기형작용|난산발생빈도증가|분만지연|태아생존율감소보고.,False,-
D000518,Pitavastatin,피타바스타틴,2,False,-,-,True,1등급,태아발육에필수적인콜레스테롤의생합성감소가능성. / 레닌-안지오텐신-알도스테론계(RAAS)에직접작용하는약물들의투여시|태아및신생아에게손상및사망까지도일어날수있으며|이러한사례는ACE억제제를복용한환자에서도세계적으로수십례가보고된바있다.,False,-
D000565,PotassiumChloride,염화칼륨,2,False,-,-,True,2등급,임부에대한안전성미확립,False,-
D000514,Procaterol,프로카테롤,2,False,-,-,True,2등급,임부에대한안전성미확립.,False,-
D000515,Propafenone,프로파페논,2,False,-,-,True,2등급,임부에대한안전성미확립.동물실험에서모체독성용량인150mg/kg/일(토끼)및600mg/kg/일(랫트)을투여했을때배태자사망나타남.토끼는30mg/kg/일에서태반무게증가및골화지연나타남.랫트는180mg/kg/일이상의용량에서모체사망증가|출생자생존감소|체중증가감소|발달지연나타남.,False,-
D000204,Rabeprazole,라베프라졸,2,False,-,-,True,2등급,임부에대한안전성미확립.동물실험에서임신한랫트의기관형성기에400mg/kg/day경구투여시|태자의골화지연|분만시착상수|생존자수와분만율의감소|출생자의체중증가량저하와open-fieldtest에서시행회수와구획이행수의감소가관찰됨.분만전후에30mg/kg/day정맥투여시|출생자의지속적인체중저하가관찰됨.임신토끼의기관형성기에정맥투여시태자의체중저하|골화지연이관찰됨.,False,-
D000527,Rivaroxaban,리바록사반,2,False,-,-,True,2등급,임부에대한안전성미확립.동물실험에서약리학적작용양식(예|출혈성합병증)과관련된태반변화와함께뚜렷한모독성(생식독성유발)보고.,False,-
D000137,Salbutamol,살부타몰,2,False,-,-,True,2등급,임부에대한안전성미확립.동물실험에서기형발생이보고됨.,False,-
D001071,Sofosbuvir,소포스부비르,2,False,-,-,True,2등급,안전성및유효성미확립 / -임부에대한안전성미확립,False,-
D000731,Spironolactone,스피로노락톤,2,False,-,-,True,2등급,동물실험에서기형발생가능성보고. / 스피로노락톤및그대사산물과히드로클로로치아짓은태반을통과하므로태아·신생아황달|혈소판감소및성인에서보고된부작용이태아에나타날수있다.임신중에는이뇨제상용이부적절하며모체와태아에게불필요한위험을초래할수있다.,False,-
D000679,Tamoxifen,타목시펜,2,False,-,-,True,2등급,자연유산|선천성결손|태아사망보고.,False,-
D001367,Tegoprazan,테고프라잔,2,False,-,-,True,2등급,임부에대한안전성미확립랫트태자에서짧은과잉목갈비뼈증가보고,False,-
D000060,Tenoxicam,테녹시캄,2,False,-,-,True,2등급,임부에대한안전성미확립.임신말기에투여시태아의동맥관조기폐쇄가능성.동물실험에서동맥관수축|난산발생빈도증가|분만지연|태아생존율감소보고.,False,-
D000385,Ticagrelor,티카그렐러,2,False,-,-,True,2등급,동물실험에서생식독성보고.,False,-
D000187,Tizanidine,티자니딘,2,False,-,-,True,2등급,동물실험에서기형및독성보고,False,-
D000185,Tulobuterol,툴로부테롤,2,False,-,-,False,-,-,False,-
D001724,Valbenazine,발베나진,2,False,-,-,True,2등급,-동물실험에서사산및출산후출생자사망증가|태자발달지연(체중감소및골화지연)관찰,False,-
D000638,Venlafaxine,벤라팍신,2,True,18세미만,-안전성및유효성미확립-소아임상시험에서자살생각(suicidalideation)의이상반응이관찰됨.적개심및특히주요우울장애의경우|자해(self-harm)의보고증가,False,-,-,False,-
D000567,Warfarin,와파린,2,False,-,-,True,1등급,태아의출혈또는자궁내사망|형성부전및점상연골발육부전등선천성기형초래보고.,False,-
D001560,Zinchistidine,히스티딘아연,2,False,-,-,False,-,-,False,-
D000146,Abiraterone,아비라테론,1,False,-,-,True,1등급,임부에대한안전성미확립.모체의호르몬농도변화로인한태아발달에위해가능성.,False,-
D000739,Aceclofenac,아세클로페낙,1,False,-,-,True,2등급,임부에대한안전성미확립.임신말기에투여시태아의동맥관조기폐쇄가능성.동물실험에서비스테로이드성소염진통제는난산발생빈도증가|분만지연|태아생존율감소보고.,True,-
D000249,Acetazolamide,아세타졸아미드,1,False,-,-,True,2등급,동물실험에서기형발생보고.임상에서임신제1삼분기에노출된후사지|눈의기형과두개골-위턱얼굴및심장기형발생보고.,False,-
D000658,Alendronate,알렌드론산,1,False,-,-,True,2등급,임부에대한안전성미확립.동물시험에서착상후생존율감소|고용량에서불완전골화증가|분만지연과분만실패|모체독성보고. / 임부에대한안전성미확립.동물시험에서착상후생존율감소|고용량에서불완전골화증가|분만지연과분만실패|모체독성보고.과량투여시태아독성의위험(육체적·정신적발달지체|대동맥협착).,False,-
D000875,Alfentanil,알펜타닐,1,False,-,-,True,2등급,임부에대한안전성미확립.신생아호흡억제및금단증상유발가능,False,-
D001261,Alteplase,알테플라제,1,False,-,-,True,2등급,고용량의비임상시험에서추가적인약리학적활성으로미숙태자및/또는배자독성나타남.,False,-
D000255,Altretamine,알트레타민,1,False,-,-,True,2등급,동물실험에서과량투여시배자독성|기형유발및태자의생후생존율감소또는배자사망보고.,False,-
D000029,AminocaproicAcid,아미노카프론산,1,False,-,-,True,2등급,임부에대한안전성미확립,False,-
D000809,Amitriptyline,아미트리프틸린,1,False,-,-,True,2등급,임부에대한안전성미확립.,True,노인에서의삼환계항우울제사용은기립성저혈압|비틀거림|항콜린작용에의한구갈|배뇨곤란|변비|안내압항진등이나타나기쉬움으로소량으로신중투여
D001751,Apixaban,아픽사반,1,False,-,-,False,-,-,False,-
D000251,Articaine,아티카인,1,False,-,-,False,-,-,False,-
D001075,Asunaprevir,아수나프레비르,1,False,-,-,False,-,-,False,-
D000552,Atomoxetine,아토목세틴,1,True,6세미만,안전성및유효성미확립,True,2등급,임부에대한안전성미확립.,False,-
D000656,Atropine,아트로핀,1,True,4세미만 / 12세미만,-심각한전신부작용위험이있음.-조산아|영아|다운증후군|강직마비또는뇌손상어린이는이약의전신흡수에따른중추신경계장애|심폐및위장관독성에감수성이있음 / -심각한전신부작용위험이있음-조산아|영아|다운증후군|강직마비또는뇌손상어린이는이약의전신흡수에따른중추신경계장애|심폐및위장관독성에감수성이있음,True,2등급,(주사제)동물실험에서기형발생.태아에서빈맥등발생가능성|(점안제)점안으로도전신순환가능.동물실험에서기형보고,False,-
D000250,Azathioprine,아자티오프린,1,False,-,-,True,2등급,동물실험에서기형발생(골격기형|내장이상)보고.프레드니손과병용투여시태아에림프구감소증|IgG및IgM의감소|CMV감염|흉선음영의감소/모체에범혈구감소증|중증의면역결핍/기형아출생보고.,False,-
D000017,Buprenorpine,부프레노르핀,1,False,-,-,True,2등급,(주사)동물실험에서난산|서투른보육행동|출생자의생존률저하및체중증가억제보고.(패취)임부에대한안전성미확립.고용량의임상시험에서설하투여시신생아의금단증후군|자궁내성장저해및소두증보고.,False,-
D000494,CalciumGluconate,글루콘산칼슘,1,False,-,-,False,-,-,False,-
D001819,Calciumchloride,염화칼슘,1,False,-,-,False,-,-,False,-
D000768,Capecitabine,카페시타빈,1,False,-,-,True,2등급,임부에대한안전성미확립.동물실험에서태자치사및최기형성보고.,False,-
D000138,Celecoxib,세레콕시브,1,False,-,-,True,2등급,임부에대한안전성미확립.동물실험에서생식독성(기형발생포함)보고.임신말기에투여시자궁무력증|태아동맥관조기폐쇄가능성.,True,-
D000770,Chloramphenicol,클로람페니콜,1,False,-,-,True,2등급 / 1등급,-,False,-
D000276,Chlorprothixene,클로르프로틱센,1,True,6세미만,-안전성및유효성미확립-페노치아진계약물을소아에투여한경우추체외로증상특히운동장애가나타나기쉬움,True,2등급,임부에대한안전성미확립.동물실험에서태자독성(태자사망등)보고.임신말기나분만중향정신병약투여시신생아에서기면|진전|과흥분성보고.,True,노인에서의정형항정신병약물사용은추체외로증상|항콜린성부작용등이나타나기쉬우므로신중투여
D000377,Chlorthalidone,클로르탈리돈,1,False,-,-,True,2등급,저혈량증이나혈액점도증가|태반환류감소가능성.티아지드계이뇨제의사용은태아골수억제와혈소판감소증및태아·신생아황달과의관련성보고.,False,-
D000678,Clindamycin,클린다마이신,1,False,-,-,True,2등급,-,False,-
D000055,Clonidine,클로니딘,1,False,-,-,True,2등급,임부에대한안전성미확립.,False,-
D000675,Clonixin,클로닉신,1,False,-,-,True,2등급,임부에대한안전성미확립.동물실험에서태자독성보고.,True,-
D000988,Clopidogrel,클로피도그렐,1,False,-,-,False,-,-,False,-
D000242,Cyclobenzaprine,시클로벤자프린,1,False,-,-,True,2등급,사람과동물모두에서기형및부작용보고,False,-
D001542,D-Mannitol,D-만니톨,1,True,6세미만,6세미만에서적합한폐활량측정을할수없음,True,2등급,임부에대한안전성미확립,False,-
D001177,Dasabuvir,다사부비르,1,False,-,-,False,-,-,False,-
D001323,Delamanid,델라마니드,1,False,-,-,True,2등급,동물실험에서생식독성관찰됨,False,-
D001725,Deutetrabenazine,듀테트라베나진,1,False,-,-,False,-,-,False,-
D000316,Dexbrompheniramine,덱스브롬페니라민,1,False,-,-,True,2등급,임부에대한안전성미확립. / 안전성미확립(덱스브롬페니라민에한함),True,-
D000086,Dexibuprofen,덱시부프로펜,1,False,-,-,True,2등급,임부에대한안전성미확립.임신말기에투여시태아의동맥관조기폐쇄가능성.동물실험에서대사독성|동맥관수축|난산발생빈도증가|분만지연|태아생존율감소보고.,True,-
D000695,Dexlansoprazole,덱스란소프라졸,1,False,-,-,True,2등급,임부에대한안전성미확립.랫트에서태자사망율증가및태자의골성장지연이보고됨.,False,-
D000091,Dipyridamole,디피리다몰,1,False,-,-,False,-,-,False,-
D001558,Divalproex,디발프로엑스,1,False,-,-,False,-,-,False,-
D000504,Doxifluridine,독시플루리딘,1,False,-,-,True,2등급,동물실험에서기형유발보고.,False,-
D001469,EdetateCalciumDisodium(CalciumEDTA),에데트산칼슘나트륨,1,False,-,-,True,2등급,임부에대한안전성미확립동물실험(랫트)에서사람권장용량의25~40배투여시태아기형의흔적을보였으나음식으로의아연동시섭취에의해예방되었음,False,-
D001060,Edoxaban,에독사반,1,False,-,-,True,2등급,-동물시험에서생식독성관찰-임부에서의안전성및유효성미확립,False,-
D001580,Eliglustat,엘리글루스타트,1,False,-,-,True,2등급,임부에대한안전성미확립,False,-
D001588,Entrectinib,엔트렉티닙,1,False,-,-,True,2등급,임부에대한안전성미확립,False,-
D001603,Eslicarbazepineacetate,에슬리카르바제핀아세테이트,1,False,-,-,True,2등급,-,False,-
D000664,Estrogens,에스트로겐,1,False,-,-,True,1등급,임부에대한안전성미확립.에스트로겐대체요법에의해태아에서생식기관결함|선천적심장결함|수족감소결함가능성.훗날여성에서질선증|질및자궁경부편평세포형성장애/암의위험증가. / 임부에대한안전성미확립(에스트로겐)에스트로겐대체요법에의해태아에서생식기관결함|선천적심장결함|수족감소결함가능성.훗날여성에서질선증|질및자궁경부편평세포형성장애/암의위험증가.(바제독시펜)동물실험에서생식독성보고.,False,-
D000463,Etodolac,에토돌락,1,False,-,-,True,2등급,임부에대한안전성미확립.임신말기에투여시태아의동맥관조기폐쇄가능성.동물실험에서난산발생빈도증가|분만지연|태아생존율감소보고.,True,-
D000036,Etravirine,에트라비린,1,False,-,-,False,-,-,False,-
D000461,Everolimus,에베로리무스,1,False,-,-,True,2등급,임부에대한안전성미확립.동물실험에서배태자독성(사망률|태자체중감소)및골격근변화와기형(흉골열등)발생률증가.,False,-
D000404,Felodipine,펠로디핀,1,False,-,-,True,2등급,임부에대한안전성미확립.동물실험에서태자손상|분만지연|태자및신생자의사망률증가보고.,False,-
D000071,Fenoprofen,페노프로펜,1,False,-,-,True,2등급,임부에대한안전성미확립.임신말기에투여시태아의동맥관조기폐쇄가능성.동물실험에서난산발생빈도증가|분만지연|태아생존율감소보고.,False,-
D000097,Fentanyl,펜타닐,1,True,18세미만 / 2세미만,(구강정)적절한투여용량및안전성미확립|(박칼정|설하정|점비액제)안전성및유효성미확립 / -안전성및유효성미확립-조산아에펜타닐|판쿠로늄|아트로핀이포함된응급마취및수술시메트헤모글로빈혈증이드물게보고됨,True,2등급,임부에대한안전성미확립.동물실험에서살배자작용보고.출산/분만중투여시신생아호흡억제유발가능성.,False,-
D000623,Fluorouracil,플루오로우라실,1,False,-,-,True,1등급,동물실험에서다지증|구개열등기형유발작용보고.,False,-
D000705,Flurbiprofen,플루르비프로펜,1,False,-,-,True,2등급,임부에대한안전성미확립.임신말기에투여시태아의동맥관조기폐쇄가능성.동물실험에서동맥관수축|난산발생빈도증가|분만지연|태아생존율감소보고.,True,-
D000306,Fluvastatin,플루바스타틴,1,False,-,-,True,1등급,임부에대한안전성미확립.동물실험에서과량투여시골격발달지연|모체독성|부정렬흉추|태자및신생아사망보고.,False,-
D001559,Foscarnet,포스카네트,1,False,-,-,True,2등급,랫트에서태반통과보고,False,-
D001747,Fosnetupitant,포스네투피탄트,1,False,-,-,True,1등급,-임부에대한안전성미확립-동물실험(토끼)에서최기형성을포함한생식독성이나타났으며|안전역이없었음-랫드에서포스네투피탄트를매일정맥투여시(항암화학요법각주기에투여되는네투피탄트단회용량에대한사람AUC의3배)치골의골화가지연됨.토끼에서일일6mg/kg이상의포스네투피탄트를매일정맥투여시(항암화학요법각주기에투여되는네투피탄트단회용량에대한사람AUC의0.4배및포스네투피탄트에대한사람AUC의9배)재흡수의증가가관찰됨,False,-
D000209,Fosphenytoin,포스페니토인,1,False,-,-,True,2등급,발작빈도증가|대기형(구안지구열|심기형)|소기형(두개안면이상|손톱및손가락|발가락형성부전)|성장이상(소두증)|정신적결함빈도증가및악성종양(신경아세포종등)보고.,False,-
D000170,Gemifloxacin,제미플록사신,1,True,18세이하,-안전성및유효성미확립-퀴놀론계항균제는몇몇어린동물종에서관절병증|뼈연골증을유발,True,2등급,임부에대한안전성미확립.동물실험에서태자성장지연|모체독성및태자에서뇌/안구기형(편측성소안구증|무안구증|둥근형태의머리)보고.,False,-
D000690,Glibenclamide,글리벤클라미드,1,False,-,-,True,2등급,신생아에서저혈당또는거대아확인.동물실험에서기형발생작용보고. / 글리벤클라미드는설포닐우레아계약물로|설포닐우레아계약물은태반을통과한다는보고가있으며신생아의저혈당또는거대아가확인되고있다.또한|동물실험에서기형발생작용이보고되고있으므로임부또는임신할가능성이있는여성에게는투여하지않는다,False,-
D000600,Gliclazide,글리클라지드,1,False,-,-,True,2등급,신생아에서저혈당또는거대아확인. / 임부에대한안전성미확립(글리클라지드)설포닐우레아계약제는태반을통과한다는보고가있고신생아의저혈당|또는거대아가확인되고있음,False,-
D000520,Hemocoagulase,헤모코아귤라제,1,False,-,-,False,-,-,False,-
D000414,Hydrochlorothiazide,히드로클로로티아지드,1,False,-,-,False,-,-,False,-
D000417,Hydroxychloroquine,히드록시클로로퀸,1,False,-,-,True,2등급,유사화합물인인산클로로퀸의고용량투여시와우각손상보고.아미노퀴놀린화합물의이독성(청각|전정독성|선천성귀머거리)을포함한중추신경계손상|망막출혈과비정상적망막색소와의관련보고.,False,-
D000472,Iguratimod,이그라티모드,1,False,-,-,True,2등급,IgG항체는태반통과|임신중에이항체를투여받은환자에서태어난영아의정상면역반응에영향을미쳐최대6개월까지감염위험증가가능성.,False,-
D000168,Ilaprazole,일라프라졸,1,False,-,-,True,2등급,동물실험에서태자독성보고.,False,-
D000760,Iobitridol,이오비트리돌,1,False,-,-,True,2등급,태아갑상선기능저하증유발가능방사선절차는태아기형유발가능,False,-
D000032,IodisedOil,아이오다이즈드오일,1,False,-,-,True,2등급,자궁조영난관술은임부금기일시적이라도뇌손상이나영구적인갑상선기능저하증의위험이있으므로모니터링필요,False,-
D000831,Iodixanol,이오딕사놀,1,False,-,-,True,2등급,태아갑상선기능저하증유발가능방사선절차는태아기형유발가능,False,-
D000669,Iohexol,이오헥솔,1,False,-,-,True,2등급,태아갑상선기능저하증유발가능방사선절차는태아기형유발가능,False,-
D000364,Iomeprol,이오메프롤,1,False,-,-,True,2등급,태아갑상선기능저하증유발가능방사선절차는태아기형유발가능,False,-
D000267,Iopamidol,이오파미돌,1,False,-,-,True,2등급,태아갑상선기능저하증유발가능방사선절차는태아기형유발가능,False,-
D000761,Iopromide,이오프로마이드,1,False,-,-,False,-,-,False,-
D000832,Iotrolan,이오트로란,1,False,-,-,False,-,-,False,-
D000165,Ioversol,이오베르솔,1,False,-,-,True,2등급,태아갑상선기능저하증유발가능방사선절차는태아기형유발가능,False,-
D000268,IoxaglicAcid,이옥사글린산,1,False,-,-,False,-,-,False,-
D000265,Isoniazid,이소니아지드,1,False,-,-,True,2등급,동물실험(마우스)에서태자발육장애가보고,False,-
D000164,Isradipine,이스라디핀,1,False,-,-,False,-,-,False,-
D000615,Lamivudine,라미부딘,1,False,-,-,True,2등급,(Lamivudine)동물실험에서임신초기에태자치사나타남 / (Lamivudine)동물실험에서임신초기에태자치사나타남|(Dolutegravir)임신제1삼분기에는투여를피해야함.수정전부터이약에노출된모체에서난신생아에서신경관결손증유병률이증가됨. / 동물실험에서임신초기에태자치사나타남,False,-
D001072,Ledipasvir,레디파스비르,1,False,-,-,True,2등급,안전성및유효성미확립,False,-
D000616,Lercanidipine,레르카니디핀,1,False,-,-,True,2등급,임신2~3기에ACE저해제투여시태아및신생아의저혈압|고칼륨혈증|신생아두개골발육부전|무뇨증|신부전|양수과소증(태아사지구축|두개안면기형|폐발육부전과관련있음)및사망과관련됨.,False,-
D000793,Levofloxacin,레보플록사신,1,True,18세이하,-안전성및유효성미확립-퀴놀론계항균제는몇몇어린동물종에서관절병증|뼈연골증을유발,True,2등급,임부에대한안전성미확립.,False,-
D000713,Lincomycin,린코마이신,1,False,-,-,True,2등급,-,False,-
D000115,Lornoxicam,로녹시캄,1,True,65세초과 / 18세이하,_,True,2등급,임부에대한안전성미확립.임신말기에투여시태아의동맥관조기폐쇄가능성.동물실험에서난산발생빈도증가|분만지연|태아생존율감소보고.,True,-
D000525,Loxoprofen,록소프로펜,1,False,-,-,True,2등급,임부에대한안전성미확립.임신말기에투여시태아의동맥관조기폐쇄가능성.동물실험에서난산발생빈도증가|분만지연|태아생존율감소보고.,True,-
D000230,Mefenamicacid,메페남산,1,False,-,-,True,2등급,임부에대한안전성미확립.임신말기에투여시태아순환지속증발생보고및태아의동맥관조기폐쇄가능성.동물실험에서난산발생빈도증가|분만지연|태아생존율감소|동맥관수축보고.,True,-
D000467,Mefloquine,메플로퀸,1,False,-,-,True,2등급,동물실험에서고용량투여시기형형성|태자독성나타남.,False,-
D000320,Melphalan,멜팔란,1,False,-,-,True,2등급,알킬화제의기형유발의심증례보고.동물실험에서태자치사및기형유발(뇌의변형(발육부전|기형|수막탈출증|뇌탈출증)및눈의변형(무안구증|소안구증)|하악골과꼬리축소|간낭종등)보고.,False,-
D000120,Menatetrenone,메나테트레논,1,False,-,-,False,-,-,False,-
D000158,Methacycline,메타사이클린,1,True,12세미만,소아등(특히치아형성기인12세미만의소아)에투여시|치아의착색·법랑질형성부전|또는일과성골발육부전을일으킬수있음,True,2등급,태자에일과성골발육부전|영구적치아착색|법랑질형성부전보고.동물실험에서태자독성(주로골격발달지연과관련)및배자독성보고.,False,-
D000425,Metoclopramide,메토클로프라미드,1,True,1세미만,추체외로장애위험성증가,True,2등급,-,False,-
D000004,Metolazone,메톨라존,1,False,-,-,False,-,-,False,-
D000426,Metronidazole,메트로니다졸,1,False,-,-,False,-,-,False,-
D000324,Miconazole,미코나졸,1,False,-,-,False,-,-,False,-
D000632,Modafinil,모다피닐,1,False,-,-,True,2등급,동물실험에서생식독성보고.,False,-
D001817,Monobasicsodiumphosphate,인산수소나트륨무수물,1,False,-,-,False,-,-,False,-
D000081,Nabumetone,나부메톤,1,False,-,-,True,2등급,임부에대한안전성미확립.임신말기에투여시태아의동맥관조기폐쇄가능성.동물실험에서난산발생빈도증가|분만지연|태아생존율감소보고.,True,-
D001080,Nafcillin,나프실린,1,False,-,-,False,-,-,False,-
D000783,NalidixicAcid,날리딕스산,1,True,3개월미만,두개내압을상승시켜두통|구토등의증상이나타날수있음,True,2등급,임부에대한안전성미확립.,False,-
D001451,Natalizumab,나탈리주맙,1,False,-,-,True,2등급,임신후기에투여시태아에일시적인혈소판감소증및빈혈이보고.동물실험에서생식독성보고,False,-
D000604,Netilmicin,네틸마이신,1,False,-,-,True,2등급,신생아에제8뇌신경장애가능성.,False,-
D001365,Netupitant,네투피탄트,1,False,-,-,False,-,-,False,-
D000197,Nifedipine,니페디핀,1,False,-,-,True,2등급,동물실험에서기형발생및배태자독성보고.,False,-
D000083,Nimesulide,니메술리드,1,False,-,-,True,2등급,임부에대한안전성미확립.임신말기에투여시태아의동맥관조기폐쇄가능성.동물실험에서난산발생빈도증가|분만지연|태아생존율감소보고.,True,-
D000755,Octreotide,옥트레오티드,1,False,-,-,True,2등급,임신제1삼분기중에자연유산및인공유산사례보고됨,False,-
D001174,Ombitasvir,옴비타스비르,1,False,-,-,True,2등급,임부에대한안전성미확립.,False,-
D001407,Omidenepagisopropyl,오미데네팍이소프로필,1,False,-,-,True,2등급,임부에대한안전성미확립,False,-
D000470,Ondansetron,온단세트론,1,False,-,-,True,2등급,-,False,-
D000045,OxapiumIodide,요오드화옥사피움,1,False,-,-,False,-,-,False,-
D000262,Oxaprozin,옥사프로진,1,False,-,-,True,2등급,임부에대한안전성미확립.임신말기에투여시태아의동맥관조기폐쇄가능성.동물실험에서난산발생빈도증가|분만지연|태아생존율감소|동맥관수축보고.,False,-
D000261,Oxatomide,옥사토마이드,1,False,-,-,True,2등급,동물실험에서구개열|합지증|지골형성부전등기형발생보고.,False,-
D001091,Oxymetazoline,옥시메타졸린,1,False,-,-,False,-,-,False,-
D001783,Ozanimod,오자니모드,1,False,-,-,True,1등급,-임부에대한안전성미확립-동물실험에서배태자사망|비정상/지연골화|내장및대혈관이상등관찰,False,-
D000386,Pantoprazole,판토프라졸,1,False,-,-,True,2등급,랫트암컷을이용한수태능및일반생식독성시험의고용량(450mg/kg/day)에서분만지연및출생자의사망율증가와성장지연이나타났음.주산|수유기시험의10mg/kg/day이상투여군에서출생자의출생후체중감소가나타남.동물생식연구에서는판토프라졸5mg/kg이상의용량에서약한태자독성의증상이관찰됨.,False,-
D000188,Paricalcitol,파리칼시톨,1,False,-,-,True,2등급,임부에대한안전성미확립동물실험에서인체투여용량인0.24μg/kg의0.5배(체표면적기준|μg/m²)를토끼에게|2배(혈장노출농도기준)를랫트에게매일투여시경미한태자육성감소(5%)보고동물실험에서20μg/kg씩매주3회투여(체표면적기준인체투여용량14μg(0.24μg/kg)의13배)시모태에독성(고칼슘혈증)이있는용량에서랫트신생아의사망률증가보고,False,-
D000397,Penicillamine,디페니실라민,1,False,-,-,True,2등급,기형유발로의심되는증례보고.,False,-
D001456,Pentamidine,펜타미딘,1,False,-,-,True,3등급,동물실험에서유산및뼈형성지연에근거한배아독성보고,False,-
D000702,Pentoxifylline,펜톡시필린,1,False,-,-,True,2등급,임부에대한충분한사용경험없음.,False,-
D001363,Pibrentasvir,피브렌타스비르,1,False,-,-,False,-,-,False,-
D000620,Pramipexole,프라미펙솔,1,False,-,-,True,2등급,임부에대한안전성미확립.동물실험에서과용량투여시태아독성|착상억제등나타남.,False,-
D000703,Pranoprofen,프라노프로펜,1,False,-,-,True,2등급,임부에대한안전성미확립.임신말기에투여시태아의동맥관조기폐쇄가능성.동물실험에서난산발생증가|분만지연|태자생존율감소보고.,True,-
D000305,Pravastatin,프라바스타틴,1,False,-,-,True,1등급,태아발육에필수적인콜레스테롤의생합성감소가능성. / 안전성미확립HMG-CoA환원효소저해제는태아발육에필수적인콜레스테롤의생합성을감소시켜태아에게심각한영향을미칠수있음,False,-
D001818,Praziquantel,프라지콴텔,1,False,-,-,False,-,-,False,-
D000103,Primidone,프리미돈,1,False,-,-,True,2등급,기형아(구순열|구개열)출산및엽산저하보고.신생아에출혈경향|흡수억제|혈액응고장애및금단증상(다동|진전|반사항진|과긴장)가능성.,False,-
D000211,Proglumetacin,프로글루메타신,1,False,-,-,True,2등급,임신말기에투여시태아순환지속증|태아의동맥관수축|동맥관개존증|신부전|장천공|양수과소증발생및신생아에서괴사성장염발생보고.동물실험에서최기형작용|난산발생빈도증가|분만지연|태아생존율감소보고.,True,-
D000413,Pyridoxine,피리독신,1,False,-,-,False,-,-,False,-
D000178,Quazepam,쿠아제팜,1,False,-,-,True,2등급,임신중벤조디아제핀계약물투여시기형이있는태아등장애아출산의예가유의하게증가함.분만전에계속복용한경우|신생아금단증상(신경과민|진전|과긴장등)이나타날수있음,True,노인에서의장기지속형벤조다이아제핀사용은운동실조|과진정등이나타나기쉬움으로소량부터신중투여
D000811,Quinupramine,퀴누프라민,1,False,-,-,True,2등급,임부에대한안전성미확립.출산후수시간~수일동안호흡곤란|수면|산통|자극과민|저.고혈압|진전|경축등의금단증상보고.,True,노인에서의삼환계항우울제사용은기립성저혈압|비틀거림|항콜린작용에의한구갈|배뇨곤란|변비|안내압항진등이나타나기쉬움으로소량으로신중투여
D001314,Radium223dichloride,라듐-223염화물,1,False,-,-,False,-,-,False,-
D000418,Repaglinide,레파글리니드,1,True,18세미만,안전성및유효성미확립,True,2등급,임부에대한안전성미확립.동물실험에서초기흡수증가및흉골분절과상지|하지|척추및두개골의골화지연보고. / 임부에대한안전성미확립(레파글리니드)동물실험에서초기흡수증가및흉골분절과상지|하지|척추및두개골의골화지연보고,False,-
D000301,Revaprazan,레바프라잔,1,False,-,-,False,-,-,False,-
D001073,Riociguat,리오시구앗,1,False,-,-,True,1등급,랫드에서심장기형(심실중격결손)유발|배자독성(착상후소실증가)관찰됨.토끼에서자연유산|흡수증가관찰됨,False,-
D000751,S-Pantoprazole,에스판토프라졸,1,False,-,-,True,2등급,랫트암컷을이용한수태능및일반생식독성시험의고용량(450mg/kg/day)에서분만지연및출생자의사망율증가와성장지연이나타났음.주산|수유기시험의10mg/kg/day이상투여군에서출생자의출생후체중감소가나타남.동물생식연구에서는판토프라졸5mg/kg이상의용량에서약한태자독성의증상이관찰됨.,False,-
D001781,Salmeterol,살메테롤,1,False,-,-,False,-,-,False,-
D000544,Salsalate,살살레이트,1,False,-,-,True,2등급,임신중투여에대한안전성미확립.임신말기에투여시태아의동맥관조기폐쇄가능성.동물실험에서최기형작용|난산발생빈도증가|분만지연|태아생존율감소보고.,False,-
D000342,Silodosin,실로도신,1,False,-,-,False,-,-,False,-
D000568,SodiumIodide(131I),요오드화나트륨(131I),1,False,-,-,True,1등급,임부에대한안전성미확립.,False,-
D000338,Spiramycin,스피라마이신,1,False,-,-,False,-,-,False,-
D000546,Sulfamethoxazole,설파메톡사졸,1,True,2개월미만,고빌리루빈혈증을일으킬수있음,True,2등급,동물실험에서기형발생보고.임신중이약을투여받은환자의아이에게선천성이상이보고됨.,False,-
D000644,Sulindac,설린닥,1,False,-,-,True,2등급,임부에대한안전성미확립.임신말기에투여시태아의동맥관조기폐쇄가능성.동물실험에서동맥관수축|난산발생빈도증가|분만지연|태아생존율감소보고.,True,-
D000481,Tafluprost,타플루프로스트,1,False,-,-,True,2등급,임부에대한안전성미확립.,False,-
D001032,Tamsulosin,탐스로신,1,False,-,-,True,2등급,-,False,-
D001016,Tapentadol,타펜타돌,1,True,18세미만,8세미만에서사용권장되지않음.,True,2등급,-,False,-
D001347,Tenecteplase,테넥테플라제,1,False,-,-,True,2등급,동물실험에서유산과태반유실로인한것으로생각되는질출혈의위험성이높았음.,False,-
D000521,TerbutalineSulfate,테르부탈린황산염,1,False,-,-,True,2등급,(정제)임부에대한안전성미확립심각한이상반응(심장박동증가|일시적고혈당증|저칼륨증|심장부정맥|폐부종및심근허혈)및태아의심장박동증가|신생아폐부종발생보고(흡입제)임부에대한안전성미확립,False,-
D000778,Thiothixene,티오틱센,1,True,12세이하,-안전성및유효성미확립-소아에투여한경우추체외로증상특히운동장애가나타나기쉽다는보고가있음,True,2등급,임부에대한안전성미확립.동물실험에서태자독성(태자사망등)보고.임신말기나분만중다른항정신병약투여시신생아에서기면|진전|과흥분성보고.임신3기에투여시신생아에서추체외로장애|금단증상(초조|근육긴장항진또는저하|진전등)보고.,True,노인에서의정형항정신병약물사용은추체외로증상|항콜린성부작용등이나타나기쉬우므로신중투여
D000065,Topiramate,토피라메이트,1,True,2세미만,안전성및유효성미확립,True,2등급,선천성기형(구순열|구개열|두개안면결손|요도밑열림증등)의위험증가및높은유병률(저체중출생)보고.,False,-
D000842,Toremifene,토레미펜,1,False,-,-,True,2등급,동물실험에서생식독성|태자독성(사망|발육부진|내장/골격이상|출생시생식장애)|임신유지및분만장애등의생식장애보고.,False,-
D000590,TranexamicAcid,트라넥삼산,1,False,-,-,False,-,-,False,-
D000753,Trifluoperazine,트리플루오페라진,1,False,-,-,True,2등급,동물실험에서태자독성(태자사망|유산|조산등)보고.임신3기에투여시신생아에서추체외로장애|금단증상(초조|근육긴장항진또는저하|진전등)보고.,False,-
D000806,Trometamol,트로메타몰,1,True,2세이하,_,False,-,-,False,-
D001784,Tucatinib,투카티닙,1,False,-,-,True,2등급,-임부에대한안전성미확립-태아독성가능성-동물실험에서태자이상소견(재흡수증가|생존태자백분율감소|태자의골격|장관|외모기형|태자체중감소|태자골화지연)과모체체중감소가나타남,False,-
D000635,Vandetanib,반데타닙,1,False,-,-,True,2등급,-임산부에게투여했을때태아에게해를입힐수있음.인체권장용량인300mg/day투여시에랫트에서배자독성|태아독성과최기형성을나타냄.교미전과수태첫1주동안투여했을때|착상전소실이증가하였고착상후소실로인해생존배자의수가유의하게감소함.-기관형성기동안투여했을때는배태자사망을포함하여착상후소실이증가함.반데타닙1|10|및25mg/kg/day용량(인체권장용량을투여한암환자에서의Cmax|각각약0.03|0.4|및1.0배에해당)을기관형성기동안투여했을때|심장혈관의기형이발생하고두개골|척추|흉골의골화지연을포함한골격근변형으로태자발달지연이시사됨.-랫트출생전후발달연구에서는수태및/또는수유기간동안모체독성을일으키는용량(1및10mg/kg/day)으로반데타닙을투여했을때새끼생존율이감소|출생후성장저하(신체발달지연동반)됨.-가임여성에게는이약투여중에임신하지않아야하며|이약투여후최소4달의휴약기가있어야함.,False,-
D001611,Vedolizumab,베돌리주맙,1,False,-,-,True,2등급,임부에대한안전성미확립,False,-
D000329,Verapamil,베라파밀,1,True,24개월미만,신생아및영아는칼슘채널차단제의감수성이높고|서맥|심장마비등을일으킬위험이있음신생아및영아에게이약을투여했을때심각한서맥과저혈압|심장마비등이나타났다는보고가있음,True,2등급,동물실험에서모체의체중증가억제|저혈압유발등모체에대한유해한영향에의한태자의발육및성장지연과사망보고.,False,-
D001736,Vericiguat,베리시구앗,1,False,-,-,True,1등급,-동물실험에서유산|흡수증가|심장및주요혈관기형|새끼의체중증가량감소|새끼치사율증가관찰,False,-
D000766,Zaltoprofen,잘토프로펜,1,False,-,-,True,2등급,임부에대한안전성미확립.임신말기에투여시태아의동맥관조기폐쇄가능성.동물실험에서동맥관수축|난산발생빈도증가|분만지연|태아생존율감소보고.,True,-
D001176,nitrousoxide,아산화질소,1,False,-,-,False,-,-,False,-
D001178,selexipag,셀렉시팍,1,False,-,-,False,-,-,False,-
