DUR일련번호,DUR유형,단일복합구분코드,DUR성분코드,DUR성분명영문,DUR성분명,복합제,관계성분,약효분류코드,효능군,고시일자,금기내용,제형,연령기준,최대투여기간,1일최대용량,등급,병용금기단일복합구분코드,병용금기DUR성분코드,병용금기DUR성분영문명,병용금기DUR성분명,병용금기복합제,병용금기관계성분,병용금기약효분류,비고,상태,계열명,
465,투여기간주의,단일,D000078,Granisetron,그라니세트론,-,[M093643]염산그라니세트론/[M245313]그라니세트론/[M246726]그라니세트론염산염/[M254683]그라니세트론염산염,[02350]최토제|진토제,-,20150331,-,경피흡수제,-,7일,-,-,-,-,-,-,-,-,-,-,정상,-,
466,투여기간주의,단일,D000203,RamosetronHydrochloride,라모세트론염산염,-,[M246846]라모세트론염산염/[M255325]라모세트론염산염,[02350]최토제|진토제,-,20150331,-,구강붕해정/정제/구강붕해필름,-,5일,-,-,-,-,-,-,-,-,-,항암제투여로인한구역및구토의방지에쓰는제품에한함,정상,-,
4313,투여기간주의,단일,D000221,LoteprednolEtabonate,로테프레드놀에타보네이트,-,[M245318]로테프레드놀에타보네이트,[01310]안과용제,-,20190621,-,현탁액점안제,-,14일,-,-,-,-,-,-,-,-,-,-,정상,-,
474,투여기간주의,단일,D000083,Nimesulide,니메술리드,-,[M082649]니메술리드,[01140]해열.진통.소염제,-,20150507,-,정제,-,15일,-,-,-,-,-,-,-,-,-,-,정상,-,
4324,투여기간주의,단일,D000104,Plerixafor,플레릭사포르,-,[M248943]플레릭사포르,[03390]기타의혈액및체액용약,-,20190621,-,용액주사제,-,4일,-,-,-,-,-,-,-,-,-,-,정상,-,
460,투여기간주의,단일,D000271,Zolpidemtartrate,졸피뎀타르타르산염,-,[M088392]주석산졸피뎀/[M222883]졸피뎀타르타르산/[M239566]졸피뎀타르타르산염/[M261178]졸피뎀타르타르산염,[01120]최면진정제,-,20141230,-,정제/서방성필름코팅정,-,28일,-,-,-,-,-,-,-,-,-,-,정상,-,
471,투여기간주의,단일,D000274,Ketorolac,케토롤락,-,[M084703]케토롤락트로메타민/[M222885]케토롤락트로메타민염,[01140]해열.진통.소염제,-,20150507,-,정제,-,7일,-,-,-,-,-,-,-,-,-,-,정상,-,
472,투여기간주의,단일,D000274,Ketorolac,케토롤락,-,[M084703]케토롤락트로메타민/[M222885]케토롤락트로메타민염,[01140]해열.진통.소염제,-,20150507,-,용액주사제/유화주사제/용액용분말주사제/서방성현탁액용분말주사제/용액용동결건조분말주사제/현탁액용동결건조분말주사제/서방성현탁액용동결건조분말주사제/리포좀화현탁액용동결건조분말주사제/현탁액주사제/서방성현탁액성주사제,-,2일,-,-,-,-,-,-,-,-,-,-,정상,-,
5396,투여기간주의,단일,D000649,Senna,센나(생약),-,[M040297]센나/[M081395]센나열매건조엑스/[M082795]센나엽,[02380]하제|완장제,-,20221028,-,산제,-,7일,-,-,-,-,-,-,-,-,-,주성분함량:산제3g,정상,-,
4523,투여기간주의,단일,D000701,Phendimetrazinetartrate,펜디메트라진타르타르산염,-,[M088437]주석산펜디메트라진/[M214394]주석산펜디메트라진/[M230784]펜디메트라진타르타르산염,[01230]자율신경제,-,20191111,-,정제,-,28일,-,-,-,-,-,-,-,-,-,-,정상,-,
4522,투여기간주의,단일,D000714,Mazindol,마진돌,-,[M092419]마진돌,[01230]자율신경제,-,20191111,-,정제,-,28일,-,-,-,-,-,-,-,-,-,-,정상,-,
4303,투여기간주의,단일,D000736,Anidulafungin,아니둘라펀진,-,[M234183]아니둘라펀진과당혼합물,[06290]기타의화학요법제,-,20190621,-,용액용동결건조분말주사제,-,35일,-,-,-,-,-,-,-,-,-,-,정상,-,
6148,투여기간주의,복합,D000764,SodiumPhosphateDibasicDihydrate,인산일수소나트륨,[D000576]SodiumdihydrogenPhosphate(인산이수소나트륨),[M040513]인산일수소나트륨/[M051286]인산이수소나트륨/[M083252]인산이수소나트륨일수화물/[M089733]인산수소나트륨칠수화물/[M228832]인산수소나트륨무수물/[M232835]인산이수소나트륨수화물/[M249575]인산일수소나트륨수화물,[02380]하제|완장제,-,20250530,-,관장제,-,7일,-,-,-,-,-,-,-,-,-,-,정상,-,
4521,투여기간주의,단일,D000795,Phentermine,펜터민,-,[M099629]염산펜터민/[M219108]염산펜터민/[M238557]펜터민염산염,[01230]자율신경제,-,20191111,-,정제/경질캡슐제|산제/서방성캡슐제|펠렛,-,28일,-,-,-,-,-,-,-,-,-,-,정상,-,
6149,투여기간주의,복합,D000893,Chlorpheniramine,클로르페니라민,[D001767]DipotassiumGlycyrrhizinate(글리시리진산이칼륨)/[D001768]Naphazoline(나파졸린),[A001682]나파졸린/[M040616]말레인산클로르페니라민/[M050213]말레인산덱스클로르페니라민/[M051529]클로르페니라민/[M082701]디엘말레인산클로르페니라민/[M083325]디말레인산클로르페니라민/[M099959]말레인산클로로페니라민/[M100018]말레산클로르페니라민/[M100476]디말레인산클로르페니라민/[M101581]디엘말레인산클로르페니라민/[M200471]말레인산클로르페니라민제피과립/[M202197]D-말레인산클로르페니라민/[M202204]DL-말레인산클로르페니라민/[M203913]클로르페니라민말레인산염/[M212847]클로르페니라민말레이트/[M223211]클로르페니라민말레산염/[M223212]d-클로르페니라민말레산염/[M223213]클로르페니라민말레산염산/[M223214]클로르페니라민말레산염정/[M223215]클로르페니라민말레산염주사액/[M226783]dl-클로르페니라민말레산염/[M249715]덱스클로르페니라민말레산염/[M251936]덱스클로르페니라민말레이트/[M256386]글리시리진산이칼륨,[01320]이비과용제,-,20250530,-,일반액상분무제,-,7일,-,-,-,-,-,-,-,-,-,-,정상,-,
2946,투여기간주의,단일,D000982,Naproxen,나프록센,-,[M050116]나프록센/[M070724]나프록센나트륨/[M103210]소디움나프록센/[M200898]소듐나프록센,[01140]해열.진통.소염제,-,20150507,-,용액주사제/유화주사제/용액용분말주사제/서방성현탁액용분말주사제/용액용동결건조분말주사제/현탁액용동결건조분말주사제/서방성현탁액용동결건조분말주사제/리포좀화현탁액용동결건조분말주사제/현탁액주사제/서방성현탁액성주사제,-,3일,-,-,-,-,-,-,-,-,-,-,정상,-,
5219,투여기간주의,단일,D001035,Linezolid,리네졸리드,-,[M093034]리네졸리드,[06110]주로그람양성균에작용하는것,-,20211119,-,용액주사제/정제/수액제,-,28일,-,-,-,-,-,-,-,-,-,-,정상,-,
467,투여기간주의,단일,D000425,Metoclopramide,메토클로프라미드,-,[M050465]메토클로프라미드/[M050466]염산메토클로프라미드/[M223013]메토클로프라미드염산염수화물,[02390]기타의소화기관용약,-,20150331,-,정제,-,5일,-,-,-,-,-,-,-,-,-,-,정상,-,
468,투여기간주의,복합,D000425,Metoclopramide,메토클로프라미드,[D000803]Pancreatin(판크레아틴),[M040678]판크레아틴/[M050465]메토클로프라미드/[M050466]염산메토클로프라미드/[M082071]판크레아틴장용과립/[M089689]판크레아틴I/[M089690]판크레아틴II/[M102500]판크레아틴장용성제피정/[M223013]메토클로프라미드염산염수화물/[M257265]판크레아틴장용성제피펠렛/[M261343]판크레아틴Ⅰ/[M262958]판크레아틴장용성제피미세정,[02390]기타의소화기관용약,-,20150331,-,정제,-,5일,-,-,-,-,-,-,-,-,-,-,정상,-,
4524,투여기간주의,복합,D000448,Pseudoephedrine,슈도에페드린,[D000903]Levocetirizine(레보세티리진),[M050833]염산슈도에페드린/[M081720]황산슈도에페드린/[M102532]염산레보세티리진/[M102581]레보세티리진/[M203364]슈도에페드린염산염/[M222865]수도에페드린염산염/[M228621]레보세티리진염산염/[M233506]레보세티리진염산영/[M244596]레보세티리진염산염/[M248579]수도에페드린황산염/[M256034]수도에페드린염산염과립/[M258826]수도에페드린,[01410]항히스타민제,-,20191111,-,정제,-,21일,-,-,-,-,-,-,-,-,-,-,정상,-,
464,투여기간주의,복합,D000448,Pseudoephedrine,슈도에페드린,[D000647]Cetirizine(세티리진),[M050833]염산슈도에페드린/[M051285]염산세티리진/[M081720]황산슈도에페드린/[M203364]슈도에페드린염산염/[M222857]세티리진염산염/[M222865]수도에페드린염산염/[M248579]수도에페드린황산염/[M256034]수도에페드린염산염과립/[M258826]수도에페드린,[01410]항히스타민제,-,20141230,-,정제/캡슐,-,21일,-,-,-,-,-,-,-,-,-,-,정상,-,
4316,투여기간주의,단일,D000479,ClobetasolPropionate,클로베타솔프로피오네이트,-,[M051539]프로피온산클로베타솔/[M223224]클로베타솔프로피오네이트,[02640]진통.진양.수렴.소염제/[02690]기타의외피용약,-,20190621,-,피부로션제/샴푸/일반액상분무제,-,28일,-,-,-,-,-,-,-,-,-,-,정상,-,
4315,투여기간주의,단일,D000479,ClobetasolPropionate,클로베타솔프로피오네이트,-,[M051539]프로피온산클로베타솔/[M223224]클로베타솔프로피오네이트,[02640]진통.진양.수렴.소염제/[02690]기타의외피용약,-,20190621,-,피부크림제/피부연고제/피부현탁액제,-,14일,-,-,-,-,-,-,-,-,-,-,정상,-,
4318,투여기간주의,복합,D000479,ClobetasolPropionate,클로베타솔프로피오네이트,[D000603]Neomycin(네오마이신)/[D001307]Nystatin(니스타틴),[A000112]니스타틴/[M020009]황산네오마이신/[M051539]프로피온산클로베타솔/[M202893]네오마이신황산염/[M223224]클로베타솔프로피오네이트,[02690]기타의외피용약,-,20190621,-,피부연고제,-,28일,-,-,-,-,-,-,-,-,-,-,정상,-,
4311,투여기간주의,단일,D000487,Tolvaptan,톨밥탄,-,[A005487]톨밥탄/[M252922]톨밥탄분무건조분말,[02190]기타의순환계용약,-,20190621,-,정제,-,30일,-,-,-,-,-,-,-,-,-,-,정상,-,
463,투여기간주의,복합,D000489,Thiocolchicoside,티오콜키코시드,[D000232]Aescin(에스신),[M080565]무정형에스신/[M095614]치오콜치코시드/[M251172]티오콜키코시드,[01220]골격근이완제,-,20141230,-,정제,-,7일,-,-,-,-,-,-,-,-,-,-,정상,-,
461,투여기간주의,단일,D000489,Thiocolchicoside,티오콜키코시드,-,[M095614]치오콜치코시드/[M251172]티오콜키코시드,[01220]골격근이완제,-,20141230,-,캡슐,-,7일,-,-,-,-,-,-,-,-,-,-,정상,-,
462,투여기간주의,단일,D000489,Thiocolchicoside,티오콜키코시드,-,[M095614]치오콜치코시드/[M251172]티오콜키코시드,[01220]골격근이완제,-,20141230,-,용액주사제/유화주사제/용액용분말주사제/서방성현탁액용분말주사제/용액용동결건조분말주사제/현탁액용동결건조분말주사제/서방성현탁액용동결건조분말주사제/리포좀화현탁액용동결건조분말주사제/현탁액주사제/서방성현탁액성주사제,-,5일,-,-,-,-,-,-,-,-,-,-,정상,-,
4520,투여기간주의,단일,D000505,Diethylpropion,디에틸프로피온,-,[M215226]염산디에칠프로피온/[M230781]디에틸프로피온염산염,[01230]자율신경제,-,20191111,-,정제,-,28일,-,-,-,-,-,-,-,-,-,-,정상,-,
470,투여기간주의,단일,D000506,Diclofenac,디클로페낙,-,[M050288]디클로페낙나트륨/[M083248]디클로페낙/[M083349]디클로페낙베타디메칠아미노에탄올/[M084600]디클로페낙칼륨/[M086205]디클로페낙디에칠암모늄/[M102665]디클로페낙에폴아민/[M230206]디클로페낙β-디메칠아미노에탄올/[M249599]디클로페낙디에틸암모늄/[M251996]디클로페낙베타디메틸아미노에탄올/[M252249]디클로페낙β-디메틸아미노에탄올/[M255472]디클로페낙디에틸아민염/[M256203]디클로페낙디에틸아민,[01140]해열.진통.소염제,-,20150507,-,용액주사제/유화주사제/용액용분말주사제/서방성현탁액용분말주사제/용액용동결건조분말주사제/현탁액용동결건조분말주사제/서방성현탁액용동결건조분말주사제/리포좀화현탁액용동결건조분말주사제/현탁액주사제/서방성현탁액성주사제,-,2일,-,-,-,-,-,-,-,-,-,-,정상,-,
469,투여기간주의,단일,D000506,Diclofenac,디클로페낙,-,[M050288]디클로페낙나트륨/[M083248]디클로페낙/[M083349]디클로페낙베타디메칠아미노에탄올/[M084600]디클로페낙칼륨/[M086205]디클로페낙디에칠암모늄/[M102665]디클로페낙에폴아민/[M230206]디클로페낙β-디메칠아미노에탄올/[M249599]디클로페낙디에틸암모늄/[M251996]디클로페낙베타디메틸아미노에탄올/[M252249]디클로페낙β-디메틸아미노에탄올/[M255472]디클로페낙디에틸아민염/[M256203]디클로페낙디에틸아민,[01140]해열.진통.소염제,-,20150507,-,정제,-,14일,-,-,-,-,-,-,-,-,-,-,정상,-,
4317,투여기간주의,복합,D000564,Xylometazoline,키실로메타졸린,[D000893]Chlorpheniramine(클로르페니라민),[M040616]말레인산클로르페니라민/[M050213]말레인산덱스클로르페니라민/[M051529]클로르페니라민/[M051554]염산키실로메타졸린/[M082701]디엘말레인산클로르페니라민/[M083325]디말레인산클로르페니라민/[M099959]말레인산클로로페니라민/[M100018]말레산클로르페니라민/[M100476]디말레인산클로르페니라민/[M101581]디엘말레인산클로르페니라민/[M200471]말레인산클로르페니라민제피과립/[M202197]D-말레인산클로르페니라민/[M202204]DL-말레인산클로르페니라민/[M203913]클로르페니라민말레인산염/[M212847]클로르페니라민말레이트/[M223211]클로르페니라민말레산염/[M223212]d-클로르페니라민말레산염/[M223213]클로르페니라민말레산염산/[M223214]클로르페니라민말레산염정/[M223215]클로르페니라민말레산염주사액/[M226783]dl-클로르페니라민말레산염/[M249715]덱스클로르페니라민말레산염/[M251936]덱스클로르페니라민말레이트,[01320]이비과용제,-,20190621,-,일반액상분무제,-,7일,-,-,-,-,-,-,-,-,-,-,정상,-,
4312,투여기간주의,단일,D000564,Xylometazoline,키실로메타졸린,-,[M051554]염산키실로메타졸린,[01320]이비과용제,-,20190621,-,일반액상분무제,-,7일,-,-,-,-,-,-,-,-,-,-,정상,-,
459,투여기간주의,단일,D000592,Triazolam,트리아졸람,-,[I005603]트리아졸람/[M088380]트리아졸람,[01120]최면진정제,-,20100511,-,정제,-,21일,-,-,-,-,-,-,-,-,-,-,정상,-,
4325,투여기간주의,복합,D000619,FusidicAcid,푸시딘산,[D000522]Hydrocortisone(히드로코르티손),[M020165]푸시딘산나트륨/[M020229]푸시딘산/[M040818]히드로코르티손/[M101579]히드로코르티손/[M104049]호박산히드로코르티손나트륨/[M204310]하이드로코르티손/[M223350]히드로코르티손부티레이트/[M223352]히드로코르티손숙시네이트나트륨/[M223353]히드로코르티손아세테이트/[M257131]히드로코르티손발레레이트/[M261154]히드로코르티손프로부테이트,[02640]진통.진양.수렴.소염제/[02690]기타의외피용약,-,20190621,-,연고/크림,-,14일,-,-,-,-,-,-,-,-,-,-,정상,-,
5218,투여기간주의,단일,D001417,Trifluridine,트리플루리딘,-,[A001208]트리플루리딘/[M085753]트리플루리딘,[01310]안과용제,-,20211119,-,점안용액제,-,21일,-,-,-,-,-,-,-,-,-,-,정상,-,
5182,투여기간주의,단일,D001538,Remdesivir,렘데시비르,-,[A110573]렘데시비르/[M279177]렘데시비르,[06290]기타의화학요법제,-,20210715,-,용액용동결건조분말주사제,-,10일,-,-,-,-,-,-,-,-,-,-,정상,-,
5250,투여기간주의,단일,D001554,Racecadotril,라세카도트릴,-,[A000226]라세카도트릴,[02370]정장제,-,20220527,-,캡슐/산제,-,7일,-,-,-,-,-,-,-,-,-,주성분함량10mg|30mg|100mg|캡슐제|산제,정상,-,
5252,투여기간주의,단일,D001556,Purifiedfishoil,정제어유,-,[M245287]정제어유(고단위오메가-3지방산함유),[03290]기타의자양강장변질제,-,20220527,-,유화주사제,-,28일,-,-,-,-,-,-,-,-,-,주성분함량10g/100mL|주사제,정상,-,
4305,투여기간주의,단일,D001301,Ciclopirox,시클로피록스,-,[A000670]시클로피록스,[02650]기생성피부질환용제,-,20190621,-,겔/라카,-,180일,-,-,-,-,-,-,-,-,-,-,정상,-,
4307,투여기간주의,단일,D001303,Imiquimod,이미퀴모드,-,[A000937]이미퀴모드,[02660]피부연화제(부식제를포함),-,20190621,-,크림,-,112일,-,-,-,-,-,-,-,-,-,-,정상,-,
4321,투여기간주의,단일,D001308,Desonide,데소니드,-,[M200279]데소니드,[02640]진통.진양.수렴.소염제,-,20190621,-,피부크림제/피부로션제,-,14일,-,-,-,-,-,-,-,-,-,-,정상,-,
4322,투여기간주의,단일,D001309,Desoximetasone,데속시메타손,-,[A000144]데속시메타손,[02640]진통.진양.수렴.소염제,-,20190621,-,연고/겔/피부로션제,-,28일,-,-,-,-,-,-,-,-,-,-,정상,-,
4306,투여기간주의,단일,D001302,Echinaceaextract,에키나시아엑스,-,[M110951]에키나시아엑스,[02290]기타의호흡기관용약,-,20190621,-,정제/액제/산제,-,56일,-,-,-,-,-,-,-,-,-,-,정상,-,
4309,투여기간주의,단일,D001305,Pelargoniumsidoides,펠라고니움시도이데스,-,[A001303]펠라고늄시도이데스/[M267961]펠라고니움시도이데스11%에탄올건조엑스(5.5~6.6→1)/[M269642]펠라고니움시도이데스11%에탄올건조엑스(5.5∼6.6→1),[02290]기타의호흡기관용약,-,20190621,-,정제/시럽,-,21일,-,-,-,-,-,-,-,-,-,-,정상,-,
5169,투여기간주의,단일,D001410,Vonoprazan,보노프라잔,-,[A110211]보노프라잔/[M269283]보노프라잔푸마르산염,[02320]소화성궤양용제,-,20210715,-,정제/필름코팅정,-,56일,-,-,-,-,-,-,-,-,-,-,정상,-,
4314,투여기간주의,단일,D001184,Dinoprostone,디노프로스톤,-,[A000175]디노프로스톤,[02520]자궁수축제,-,20190621,-,질정/질좌제|서방성,-,2일,-,-,-,-,-,-,-,-,-,-,정상,-,
5445,투여기간주의,복합,D001300,Bisacodyl,비사코딜,[D001667]Sennoside(센노사이드)/[D001656]Docusatesodium(도큐세이트나트륨)/[D001118]Benfotiamine(벤포티아민)/[D001668]Cnidiumrhizomedriedextract(천궁건조엑스),[A000477]비사코딜/[A000598]센나/[A002918]천궁/[C081474]벤포티아민(비오타민)/[C096428]벤포티아민/[I004465]벤포티아민/[M040297]센나/[M050808]센노시드/[M081474]벤포티아민(비오타민)/[M081950]도큐세이트나트륨/[M096428]벤포티아민/[M256717]조벤포티아민,[02380]하제|완장제,-,20231108,-,필름코팅정,-,7일,-,-,-,-,-,-,-,-,-,-,정상,-,
5443,투여기간주의,복합,D001300,Bisacodyl,비사코딜,[D001656]Docusatesodium(도큐세이트나트륨)/[D001657]Sennaefructuspowder(센나열매가루)/[D001664]Glycyrrhizaextractpowder(감초엑스산)/[D001665]Peonyrootextractpowder(작약엑스산),[A000477]비사코딜/[A000598]센나/[A006000]감초/[A006119]작약/[M081950]도큐세이트나트륨,[02380]하제|완장제,-,20231108,-,장용성필름코팅정,-,7일,-,-,-,-,-,-,-,-,-,-,정상,-,
5432,투여기간주의,복합,D001300,Bisacodyl,비사코딜,[D001658]Tinnevellysennafruitpowder(티니벨리센나열매가루),[A000477]비사코딜/[A001213]티니벨리센나,[02380]하제|완장제,-,20231108,-,장용정,-,7일,-,-,-,-,-,-,-,-,-,-,정상,-,
5439,투여기간주의,복합,D001300,Bisacodyl,비사코딜,[D001656]Docusatesodium(도큐세이트나트륨)/[D001660]Sennaleafpowder(센나엽가루)/[D001658]Tinnevellysennafruitpowder(티니벨리센나열매가루),[A000477]비사코딜/[A000598]센나/[A001213]티니벨리센나/[M081950]도큐세이트나트륨,[02380]하제|완장제,-,20231108,-,장용성필름코팅정,-,7일,-,-,-,-,-,-,-,-,-,-,정상,-,
5440,투여기간주의,복합,D001300,Bisacodyl,비사코딜,[D001656]Docusatesodium(도큐세이트나트륨)/[D001499]UrsodeoxycholicAcid(우르소데옥시콜산)/[D001521]Calciumpantothenate(판토텐산칼슘),[A000477]비사코딜/[A000910]우르소데옥시콜산/[A001260]판토텐산칼슘/[M081950]도큐세이트나트륨/[M223167]우르소데옥시콜산/[M244748]판토텐산칼슘,[02380]하제|완장제,-,20231108,-,연질캡슐제|현탁상,-,7일,-,-,-,-,-,-,-,-,-,-,정상,-,
5430,투여기간주의,복합,D001300,Bisacodyl,비사코딜,[D001656]Docusatesodium(도큐세이트나트륨),[A000477]비사코딜/[M081950]도큐세이트나트륨,[02380]하제|완장제,-,20231108,-,장용성당의정/장용성필름코팅정/필름코팅정/장용정/연질캡슐제|현탁상,-,7일,-,-,-,-,-,-,-,-,-,-,정상,-,
5435,투여기간주의,복합,D001300,Bisacodyl,비사코딜,[D001656]Docusatesodium(도큐세이트나트륨)/[D001660]Sennaleafpowder(센나엽가루),[A000477]비사코딜/[A000598]센나/[M081950]도큐세이트나트륨,[02380]하제|완장제,-,20231108,-,필름코팅정/장용성필름코팅정,-,7일,-,-,-,-,-,-,-,-,-,-,정상,-,
5433,투여기간주의,복합,D001300,Bisacodyl,비사코딜,[D001659]Senna·Sennaefructusmethanoldriedextract(1000→7)(센나및센나열매메탄올건조엑스(1000→7)),[A000477]비사코딜/[A000598]센나,[02380]하제|완장제,-,20231108,-,장용성필름코팅당의정,-,7일,-,-,-,-,-,-,-,-,-,-,정상,-,
5441,투여기간주의,복합,D001300,Bisacodyl,비사코딜,[D001656]Docusatesodium(도큐세이트나트륨)/[D001499]UrsodeoxycholicAcid(우르소데옥시콜산)/[D001524]PulvisGlycyrrhizaeRadicisetRhizomatis(LicoricePowder)(감초가루),[A000477]비사코딜/[A000910]우르소데옥시콜산/[A006000]감초/[M040006]감초/[M081950]도큐세이트나트륨/[M223167]우르소데옥시콜산,[02380]하제|완장제,-,20231108,-,연질캡슐제|현탁상,-,7일,-,-,-,-,-,-,-,-,-,-,정상,-,
5431,투여기간주의,복합,D001300,Bisacodyl,비사코딜,[D001657]Sennaefructuspowder(센나열매가루),[A000477]비사코딜/[A000598]센나,[02380]하제|완장제,-,20231108,-,필름코팅정,-,7일,-,-,-,-,-,-,-,-,-,-,정상,-,
5437,투여기간주의,복합,D001300,Bisacodyl,비사코딜,[D001499]UrsodeoxycholicAcid(우르소데옥시콜산)/[D001662]Dimethicone(디메티콘),[A000477]비사코딜/[A000910]우르소데옥시콜산/[M223167]우르소데옥시콜산/[M227778]디메티콘,[02380]하제|완장제,-,20231108,-,필름코팅정/장용성필름코팅정,-,7일,-,-,-,-,-,-,-,-,-,-,정상,-,
5446,투여기간주의,복합,D001300,Bisacodyl,비사코딜,[D001656]Docusatesodium(도큐세이트나트륨)/[D001499]UrsodeoxycholicAcid(우르소데옥시콜산)/[D001665]Peonyrootextractpowder(작약엑스산)/[D001265]PyridoxineHydrochloride(피리독신염산염)/[D001521]Calciumpantothenate(판토텐산칼슘),[A000477]비사코딜/[A000910]우르소데옥시콜산/[A001260]판토텐산칼슘/[A006119]작약/[M081950]도큐세이트나트륨/[M204304]피리독신염산염/[M223167]우르소데옥시콜산/[M244748]판토텐산칼슘,[02380]하제|완장제,-,20231108,-,필름코팅정,-,7일,-,-,-,-,-,-,-,-,-,-,정상,-,
5444,투여기간주의,복합,D001300,Bisacodyl,비사코딜,[D001656]Docusatesodium(도큐세이트나트륨)/[D001666]Sennaleafextract(센나엽엑스)/[D001118]Benfotiamine(벤포티아민)/[D001668]Cnidiumrhizomedriedextract(천궁건조엑스),[A000477]비사코딜/[A000598]센나/[A002918]천궁/[C081474]벤포티아민(비오타민)/[C096428]벤포티아민/[I004465]벤포티아민/[M081474]벤포티아민(비오타민)/[M081950]도큐세이트나트륨/[M096428]벤포티아민/[M256717]조벤포티아민,[02380]하제|완장제,-,20231108,-,장용성필름코팅정,-,7일,-,-,-,-,-,-,-,-,-,-,정상,-,
5442,투여기간주의,복합,D001300,Bisacodyl,비사코딜,[D001656]Docusatesodium(도큐세이트나트륨)/[D001499]UrsodeoxycholicAcid(우르소데옥시콜산)/[D001663]Casanthranol(카산트라놀),[A000477]비사코딜/[A000910]우르소데옥시콜산/[M081950]도큐세이트나트륨/[M201737]카산트라놀/[M223167]우르소데옥시콜산,[02380]하제|완장제,-,20231108,-,장용성필름코팅정,-,7일,-,-,-,-,-,-,-,-,-,-,정상,-,
5434,투여기간주의,복합,D001300,Bisacodyl,비사코딜,[D001499]UrsodeoxycholicAcid(우르소데옥시콜산)/[D001656]Docusatesodium(도큐세이트나트륨),[A000477]비사코딜/[A000910]우르소데옥시콜산/[M081950]도큐세이트나트륨/[M223167]우르소데옥시콜산,[02380]하제|완장제,-,20231108,-,연질캡슐제|현탁상/연질캡슐제|액상/장용성캡슐제|펠렛,-,7일,-,-,-,-,-,-,-,-,-,-,정상,-,
5438,투여기간주의,복합,D001300,Bisacodyl,비사코딜,[D001656]Docusatesodium(도큐세이트나트륨)/[D001660]Sennaleafpowder(센나엽가루)/[D001657]Sennaefructuspowder(센나열매가루),[A000477]비사코딜/[A000598]센나/[M081950]도큐세이트나트륨,[02380]하제|완장제,-,20231108,-,필름코팅정,-,7일,-,-,-,-,-,-,-,-,-,-,정상,-,
5436,투여기간주의,복합,D001300,Bisacodyl,비사코딜,[D001656]Docusatesodium(도큐세이트나트륨)/[D001661]Sennosidecalcium(센노사이드칼슘),[A000477]비사코딜/[A000598]센나/[M081950]도큐세이트나트륨,[02380]하제|완장제,-,20231108,-,장용성필름코팅정,-,7일,-,-,-,-,-,-,-,-,-,-,정상,-,
4304,투여기간주의,단일,D001300,Bisacodyl,비사코딜,-,[A000477]비사코딜,[02380]하제|완장제,-,20231108,-,정제/항문용좌제|수용성/관장제/장용성당의정,-,7일,-,-,-,-,-,-,-,-,-,-,정상,-,
4323,투여기간주의,단일,D001310,Prednicarbate,프레드니카르베이트,-,[A001353]프레드니카르베이트,[02640]진통.진양.수렴.소염제,-,20190621,-,연고/크림/피부로션제/피부액제,-,28일,-,-,-,-,-,-,-,-,-,-,정상,-,
5165,투여기간주의,복합,D001370,Kaolin,카올린,[D001371]Berberinetannate(베르베린탄닌산염)/[D001372]Pectin(펙틴),[A001083]카올린/[A001293]펙틴/[M040574]카올린/[M051732]펙틴/[M223040]베르베린탄닌산염,[02370]정장제,-,20210715,-,시럽/액상시럽제,-,7일,-,-,-,-,-,-,-,-,-,-,정상,-,
5251,투여기간주의,단일,D001555,L-alanyl-L-glutamine,엘-알라닐-엘-글루타민,-,[A004440]알라닐-글루타민,[03250]단백아미노산제제,-,20220527,-,수액제,-,21일,-,-,-,-,-,-,-,-,-,주성분함량20g/100mL|주사제,정상,-,
5427,투여기간주의,복합,D001091,Oxymetazoline,옥시메타졸린,[D000893]Chlorpheniramine(클로르페니라민),[C040452]염산옥시메타졸린/[I002775]옥시메타졸린염산염/[M040452]염산옥시메타졸린/[M040616]말레인산클로르페니라민/[M050213]말레인산덱스클로르페니라민/[M051529]클로르페니라민/[M082701]디엘말레인산클로르페니라민/[M083325]디말레인산클로르페니라민/[M099959]말레인산클로로페니라민/[M100018]말레산클로르페니라민/[M100476]디말레인산클로르페니라민/[M101581]디엘말레인산클로르페니라민/[M200471]말레인산클로르페니라민제피과립/[M202197]D-말레인산클로르페니라민/[M202204]DL-말레인산클로르페니라민/[M203913]클로르페니라민말레인산염/[M212847]클로르페니라민말레이트/[M223162]옥시메타졸린염산염/[M223163]옥시메타졸린염산염점비액/[M223211]클로르페니라민말레산염/[M223212]d-클로르페니라민말레산염/[M223213]클로르페니라민말레산염산/[M223214]클로르페니라민말레산염정/[M223215]클로르페니라민말레산염주사액/[M226783]dl-클로르페니라민말레산염/[M249715]덱스클로르페니라민말레산염/[M251936]덱스클로르페니라민말레이트,[01320]이비과용제,-,20231108,-,점비액제,-,7일,-,-,-,-,-,-,-,-,-,-,정상,-,
3608,투여기간주의,단일,D001091,Oxymetazoline,옥시메타졸린,-,[C040452]염산옥시메타졸린/[I002775]옥시메타졸린염산염/[M040452]염산옥시메타졸린/[M223162]옥시메타졸린염산염/[M223163]옥시메타졸린염산염점비액,[01320]이비과용제,-,20180831,-,일반액상분무제/정량액상분무제/일반분말분무제/정량분말분무제,-,7일,-,-,-,-,-,-,-,-,-,-,정상,-,
3609,투여기간주의,단일,D001068,Propofol,프로포폴,-,[I003335]프로포폴/[M082350]프로포폴/[M260874]프로포폴,[01110]전신마취제,-,20180831,-,용액주사제/유화주사제/용액용분말주사제/서방성현탁액용분말주사제/용액용동결건조분말주사제/현탁액용동결건조분말주사제/서방성현탁액용동결건조분말주사제/리포좀화현탁액용동결건조분말주사제/현탁액주사제/서방성현탁액성주사제,-,3일,-,-,-,-,-,-,-,-,-,-,정상,-,
4320,투여기간주의,단일,D001293,Clobetasonebutyrate,클로베타손부티레이트,-,[A001132]클로베타손,[02640]진통.진양.수렴.소염제,-,20190621,-,피부크림제/피부연고제,-,21일,-,-,-,-,-,-,-,-,-,-,정상,-,
4308,투여기간주의,단일,D001304,MenotrophinHP,메노트로핀에이치피,-,[M113465]메노트로핀HP,[02490]기타의호르몬제(항호르몬제를포함),-,20190621,-,용액용동결건조분말주사제,-,무배란증:12일|난포과자극유도:20일,-,-,-,-,-,-,-,-,-,-,정상,-,
4310,투여기간주의,단일,D001306,Phenazopyridine,페나조피리딘,-,[A001278]페나조피리딘,[02590]기타의비뇨생식기관및항문용약,-,20190621,-,정제,-,2일,-,-,-,-,-,-,-,-,-,-,정상,-,
5460,투여기간주의,복합,D001670,Sennaefuctus,센나열매,[D001669]Psylliumhusk(차전자피)/[D001686]Cinnamonbarkextractpowder(육계엑스산)/[D001664]Glycyrrhizaextractpowder(감초엑스산)/[D001687]Jujubeextractpowder(대추엑스산)/[D001665]Peonyrootextractpowder(작약엑스산)/[D001685]Rawgingerextractpowder(생강엑스산)/[D001675]Rhubarbpowder(대황가루),[A000524]생강/[A001758]대황/[A006000]감초/[A006119]작약/[A006122]대추/[M050805]센나열매/[M081198]차전자피/[M110942]육계엑스산,[02380]하제|완장제,-,20231108,-,과립제,-,7일,-,-,-,-,-,-,-,-,-,-,정상,-,
5451,투여기간주의,복합,D001670,Sennaefuctus,센나열매,[D001669]Psylliumhusk(차전자피)/[D001674]Aloepowder(노회가루)/[D001675]Rhubarbpowder(대황가루),[A000108]노회/[A001758]대황/[M050805]센나열매/[M081198]차전자피,[02380]하제|완장제,-,20231108,-,과립제,-,7일,-,-,-,-,-,-,-,-,-,-,정상,-,
5450,투여기간주의,복합,D001670,Sennaefuctus,센나열매,[D001673]Sennaleaf(센나엽)/[D001142]CitrusUnshiuPeel(진피)/[D001672]Magnoliabark(후박),[C040538]진피/[C070542]진피30%에탄올연조엑스(5:1)/[C082099]진피엑스/[C082860]진피연조엑스/[C084931]진피40%에탄올엑스/[C084933]진피70%에탄올틴크/[C084944]진피가루/[C086811]진피건조엑스/[C089506]진피엑스산/[C098637]진피추출물/글리세린/정제수/[C101459]진피70%에탄올틴크(1→5)/[C101807]진피(헤스페리딘으로서1ㆍ33밀리그람)/[I006157]진피(陳皮)/[I009557]진피(秦皮)/[M040538]진피/[M040813]후박/[M050805]센나열매/[M070542]진피30%에탄올연조엑스(5:1)/[M082099]진피엑스/[M082795]센나엽/[M082860]진피연조엑스/[M084931]진피40%에탄올엑스/[M084933]진피70%에탄올틴크/[M084944]진피가루/[M086811]진피건조엑스/[M089506]진피엑스산/[M101459]진피70%에탄올틴크(1→5)/[M101807]진피(헤스페리딘으로서1ㆍ33밀리그람)/[M102560]진피연조엑스(5→1)/[M103925]진피건조엑스(5.0→1)/[M104356]진피엑스(5→1)/[M105886]진피30%에탄올연조엑스/[M107313]진피40%에탄올엑스(5:1)/[M201658]진피엑스가루/[M239322]진피30%에탄올연조엑스(5->1)/[M244967]진피추출물/[M244970]진피추출물/[M244973]진피추출물/[M244976]진피추출물/[M245266]진피30%에탄올연조엑스(5→1)/[M252013]진피(秦皮)/[M252641]진피70%에탄올틴크(1->5)/[M252649]진피엑스(5:1)/[M253084]진피(秦皮)/[M254026]진피(귤껍질)추출물/[M254322]진피(秦皮)/[M254478]진피(秦皮)/[M261224]진피연조엑스(1.7∼2.1→1)/[M261584]진피(秦皮)/[M262498]진피연조엑스(1.7~2.1→1)/[M262523]진피연조엑스(1.4~1.7→1)/[M262712]진피건조엑스(4.5~5.6→1)/[M262718]진피연조엑스(1.4∼1.7→1)/[M264373]진피연조엑스(1.7~2.1→1)/[M264503]진피연조엑스(2.5→1)/[M266243]진피연조엑스(1.9∼2.3→1)/[M266530]진피30%에탄올연조엑스(5→1)-Ⅱ/[M266591]진피연조엑스(2.3~2.8→1)/[M267552]진피연조엑스(2.6~3.2→1),[02380]하제|완장제,-,20231108,-,환제,-,7일,-,-,-,-,-,-,-,-,-,-,정상,-,
5455,투여기간주의,복합,D001670,Sennaefuctus,센나열매,[D001669]Psylliumhusk(차전자피)/[D001680]Aloe(노회)/[D001672]Magnoliabark(후박)/[D001119]PeonyRoot(작약)/[D001681]Rhubarb(대황),[C040523]작약/[C051307]백작약/[C051308]적작약/[C071158]작약엑스/[C082518]작약가루/[C085611]백작약초/[C088975]백작약가루/[C089531]백작약엑스산(패오니플로린으로서133ㆍ2밀리그람)/[C089542]백작약엑스산/[C090093]작약엑스산/[C090789]작약초/[C092727]백작약연조엑스/[C093837]작약건조엑스/[C096770]작약추출물/[C312372]작약추출물/[C313826]백작약추출물/[C320059]참작약/[C402274]작약전초추출물/[C402275]작약뿌리추출물/[C404274]작약뿌리수/[C404275]작약뿌리가루/[C406079]작약가루/[C406080]작약껍질/수액추출물/[C406081]작약꽃추출물/[C406082]작약추출물/[C429024]작약꽃추출물/[C429025]작약나무껍질/수액추출물/[C429026]작약뿌리/[C429027]작약뿌리가루/[C429028]작약뿌리수/[C429029]작약뿌리추출물/[C429030]작약잎세포추출물/[C429031]작약추출물/[I006447]작약/[M040061]노회/[M040073]대황/[M040523]작약/[M040813]후박/[M050805]센나열매/[M051307]백작약/[M051308]적작약/[M071158]작약엑스/[M081198]차전자피/[M082518]작약가루/[M085611]백작약초/[M088975]백작약가루/[M090093]작약엑스산/[M090789]작약초/[M093837]작약건조엑스/[M103890]작약건조엑스(5.88→1)/[M201554]작약엑스가루/[M212494]백작약엑스(5.9→1)/[M214365]작약추출물/[M241192]작약엑스(5.9->1)/[M243283]작약엑스(5.9->1)/[M245904]작약엑스(5.9→1)/[M246879]작약추출액/[M261230]작약연조엑스(3.3∼4.0→1)/[M262504]작약연조엑스(3.3~4.0→1)/[M263913]작약연조엑스(2.3∼3.2→1)/[M264309]작약연조엑스(3.03->1)/[M264379]작약연조엑스(2.4~3.0→1)/[M264643]작약연조엑스(3.03→1)/[M266482]작약연조엑스(2.8∼3.4→1)/[M266487]작약연조엑스(2.7~3.3→1)/[M266950]작약연조엑스(2.8∼3.4→1)/[M267310]작약연조엑스(2.9~3.5→1)/[M268068]작약연조엑스(2.8~3.4→1)/[M268187]작약연조엑스(2.8~3.4→1),[02380]하제|완장제,-,20231108,-,과립제,-,7일,-,-,-,-,-,-,-,-,-,-,정상,-,
5452,투여기간주의,복합,D001670,Sennaefuctus,센나열매,[D001673]Sennaleaf(센나엽)/[D001669]Psylliumhusk(차전자피)/[D001142]CitrusUnshiuPeel(진피)/[D001672]Magnoliabark(후박),[C040538]진피/[C070542]진피30%에탄올연조엑스(5:1)/[C082099]진피엑스/[C082860]진피연조엑스/[C084931]진피40%에탄올엑스/[C084933]진피70%에탄올틴크/[C084944]진피가루/[C086811]진피건조엑스/[C089506]진피엑스산/[C098637]진피추출물/글리세린/정제수/[C101459]진피70%에탄올틴크(1→5)/[C101807]진피(헤스페리딘으로서1ㆍ33밀리그람)/[I006157]진피(陳皮)/[I009557]진피(秦皮)/[M040538]진피/[M040813]후박/[M050805]센나열매/[M070542]진피30%에탄올연조엑스(5:1)/[M081198]차전자피/[M082099]진피엑스/[M082795]센나엽/[M082860]진피연조엑스/[M084931]진피40%에탄올엑스/[M084933]진피70%에탄올틴크/[M084944]진피가루/[M086811]진피건조엑스/[M089506]진피엑스산/[M101459]진피70%에탄올틴크(1→5)/[M101807]진피(헤스페리딘으로서1ㆍ33밀리그람)/[M102560]진피연조엑스(5→1)/[M103925]진피건조엑스(5.0→1)/[M104356]진피엑스(5→1)/[M105886]진피30%에탄올연조엑스/[M107313]진피40%에탄올엑스(5:1)/[M201658]진피엑스가루/[M239322]진피30%에탄올연조엑스(5->1)/[M244967]진피추출물/[M244970]진피추출물/[M244973]진피추출물/[M244976]진피추출물/[M245266]진피30%에탄올연조엑스(5→1)/[M252013]진피(秦皮)/[M252641]진피70%에탄올틴크(1->5)/[M252649]진피엑스(5:1)/[M253084]진피(秦皮)/[M254026]진피(귤껍질)추출물/[M254322]진피(秦皮)/[M254478]진피(秦皮)/[M261224]진피연조엑스(1.7∼2.1→1)/[M261584]진피(秦皮)/[M262498]진피연조엑스(1.7~2.1→1)/[M262523]진피연조엑스(1.4~1.7→1)/[M262712]진피건조엑스(4.5~5.6→1)/[M262718]진피연조엑스(1.4∼1.7→1)/[M264373]진피연조엑스(1.7~2.1→1)/[M264503]진피연조엑스(2.5→1)/[M266243]진피연조엑스(1.9∼2.3→1)/[M266530]진피30%에탄올연조엑스(5→1)-Ⅱ/[M266591]진피연조엑스(2.3~2.8→1)/[M267552]진피연조엑스(2.6~3.2→1),[02380]하제|완장제,-,20231108,-,과립제,-,7일,-,-,-,-,-,-,-,-,-,-,정상,-,
5459,투여기간주의,복합,D001670,Sennaefuctus,센나열매,[D001669]Psylliumhusk(차전자피)/[D001123]CinnamomumcassiaBlume(육계)/[D001664]Glycyrrhizaextractpowder(감초엑스산)/[D001665]Peonyrootextractpowder(작약엑스산)/[D001684]Poncirusimmaturefruitextractpowder(지실엑스산)/[D001685]Rawgingerextractpowder(생강엑스산)/[D001681]Rhubarb(대황),[A000524]생강/[A001045]지실/[A006000]감초/[A006119]작약/[C050036]육계/[C089617]육계엑스산/[C401739]육계추출물/[C401743]육계잎추출물/[C402601]육계/[C402602]육계껍질/정향싹/로즈마리잎/불가리스백리향잎수/[C428728]육계/[C428729]육계/정향싹/로즈마리잎/타임잎수/[C428730]육계/정향싹/로즈마리잎/타임잎오일/[C428731]육계껍질/탱자열매/삼백초잎/뿌리/도둑놈의지팡이뿌리추출물/[C428733]육계잎추출물/[C428734]육계전초오일/[C428735]육계전초추출물/[C428736]육계껍질추출물/[C434092]하이드롤라이즈드육계추출물/[C438444]육계껍질수/[C438521](육계껍질/요엽후박)나무껍질/(고량강/참당귀)뿌리추출물/[I000485]육계/[I008329]육계/[I012425]육계·아선약·소두구·고추연조엑스(5→1)/[M040073]대황/[M050036]육계/[M050805]센나열매/[M081198]차전자피/[M089617]육계엑스산/[M106290]육계(모계)/[M201470]육계엑스가루/[M227893]육계70%에탄올틴크(1->5)/[M232832]육계건조엑스/[M234405]육계가루/[M239186]육계엑스(22->1)/[M240817]육계70%에탄올틴크(1→5)/[M244658]육계틴크(1→5)/[M245879]육계건조엑스(31.25->1)/[M246170]육계연조엑스/[M251943]육계추출물/[M252166]육계유/[M252345]육계유동엑스/[M252650]육계·아선약·소두구·고추연조엑스(5→1)/[M253194]육계엑스(22→1)/[M254384]육계·아선약·소두구·고추연조엑스(5->1)/[M258809]육계엑스/[M259064]육계30%에탄올유동엑스/[M261235]육계연조엑스(7.9∼9.6→1)/[M262509]육계연조엑스(7.9~9.6→1)/[M264213]육계/당귀/작약/숙지황/천궁/황기혼합추출물/[M264384]육계연조엑스(8.8~10.8→1)/[M264645]육계연조엑스(8.3→1)/[M266305]육계건조엑스(20~35→1)/[M266529]육계건조엑스(22→1)/[M267315]육계연조엑스(8.4~10.2→1)/[M267418]육계연조엑스(6.7~10→1),[02380]하제|완장제,-,20231108,-,과립제,-,7일,-,-,-,-,-,-,-,-,-,-,정상,-,
5447,투여기간주의,복합,D001670,Sennaefuctus,센나열매,[D001669]Psylliumhusk(차전자피),[M050805]센나열매/[M081198]차전자피,[02380]하제|완장제,-,20231108,-,과립제,-,7일,-,-,-,-,-,-,-,-,-,-,정상,-,
5449,투여기간주의,복합,D001657,Sennaefructuspowder,센나열매가루,[D001671]Psylliumhuskpowder(차전자피가루),[A000598]센나/[A002909]차전자,[02380]하제|완장제,-,20231108,-,과립제,-,7일,-,-,-,-,-,-,-,-,-,-,정상,-,
5454,투여기간주의,복합,D001657,Sennaefructuspowder,센나열매가루,[D001677]Plantagoseedpowder(차전자가루)/[D001519]Nicotinamide(니코틴산아미드)/[D001678]Bacillussubtilis(당화균)/[D001679]Lactomin(락토민),[A000117]니코틴산아미드/[A000384]바실루스서브틸리스균/[A000598]센나/[A002909]차전자/[M040064]니코틴산아미드/[M086301]락토민,[02380]하제|완장제,-,20231108,-,과립제,-,7일,-,-,-,-,-,-,-,-,-,-,정상,-,
5456,투여기간주의,복합,D001657,Sennaefructuspowder,센나열매가루,[D001669]Psylliumhusk(차전자피)/[D001682]Atractylodesrhizomewhite(백출)/[D001513]Fennel(회향)/[D001000]Licorice(감초)/[D001119]PeonyRoot(작약)/[D001681]Rhubarb(대황),[A000598]센나/[A003462]회향/[A006000]감초/[C040523]작약/[C051307]백작약/[C051308]적작약/[C071158]작약엑스/[C082518]작약가루/[C085611]백작약초/[C088975]백작약가루/[C089531]백작약엑스산(패오니플로린으로서133ㆍ2밀리그람)/[C089542]백작약엑스산/[C090093]작약엑스산/[C090789]작약초/[C092727]백작약연조엑스/[C093837]작약건조엑스/[C096770]작약추출물/[C312372]작약추출물/[C313826]백작약추출물/[C320059]참작약/[C402274]작약전초추출물/[C402275]작약뿌리추출물/[C404274]작약뿌리수/[C404275]작약뿌리가루/[C406079]작약가루/[C406080]작약껍질/수액추출물/[C406081]작약꽃추출물/[C406082]작약추출물/[C429024]작약꽃추출물/[C429025]작약나무껍질/수액추출물/[C429026]작약뿌리/[C429027]작약뿌리가루/[C429028]작약뿌리수/[C429029]작약뿌리추출물/[C429030]작약잎세포추출물/[C429031]작약추출물/[I006447]작약/[M040006]감초/[M040073]대황/[M040214]백출/[M040523]작약/[M040811]회향/[M051307]백작약/[M051308]적작약/[M070009]감초가루/[M071158]작약엑스/[M081198]차전자피/[M082518]작약가루/[M085611]백작약초/[M088975]백작약가루/[M090093]작약엑스산/[M090789]작약초/[M093837]작약건조엑스/[M103890]작약건조엑스(5.88→1)/[M201554]작약엑스가루/[M212494]백작약엑스(5.9→1)/[M214365]작약추출물/[M241192]작약엑스(5.9->1)/[M243283]작약엑스(5.9->1)/[M245904]작약엑스(5.9→1)/[M246879]작약추출액/[M261230]작약연조엑스(3.3∼4.0→1)/[M262504]작약연조엑스(3.3~4.0→1)/[M263913]작약연조엑스(2.3∼3.2→1)/[M264309]작약연조엑스(3.03->1)/[M264379]작약연조엑스(2.4~3.0→1)/[M264643]작약연조엑스(3.03→1)/[M266482]작약연조엑스(2.8∼3.4→1)/[M266487]작약연조엑스(2.7~3.3→1)/[M266950]작약연조엑스(2.8∼3.4→1)/[M267310]작약연조엑스(2.9~3.5→1)/[M268068]작약연조엑스(2.8~3.4→1)/[M268187]작약연조엑스(2.8~3.4→1),[02380]하제|완장제,-,20231108,-,과립제,-,7일,-,-,-,-,-,-,-,-,-,-,정상,-,
5453,투여기간주의,복합,D001657,Sennaefructuspowder,센나열매가루,[D001671]Psylliumhuskpowder(차전자피가루)/[D001674]Aloepowder(노회가루)/[D001676]Magnoliabarkpowder(후박가루)/[D001675]Rhubarbpowder(대황가루),[A000108]노회/[A000598]센나/[A001758]대황/[A002909]차전자/[A003468]후박,[02380]하제|완장제,-,20231109,-,과립제,-,7일,-,-,-,-,-,-,-,-,-,-,정상,-,
5448,투여기간주의,복합,D001657,Sennaefructuspowder,센나열매가루,[D001669]Psylliumhusk(차전자피),[A000598]센나/[M081198]차전자피,[02380]하제|완장제,-,20231108,-,과립제,-,7일,-,-,-,-,-,-,-,-,-,-,정상,-,
5458,투여기간주의,복합,D001657,Sennaefructuspowder,센나열매가루,[D001671]Psylliumhuskpowder(차전자피가루)/[D001123]CinnamomumcassiaBlume(육계)/[D001122]Jujube(대추)/[D001119]PeonyRoot(작약)/[D001514]Magnesiumhydroxide(수산화마그네슘)/[D001000]Licorice(감초)/[D001145]GingerRoot(생강),-,[02380]하제|완장제,-,20231108,-,과립제,-,7일,-,-,-,-,-,-,-,-,-,-,정상,-,
6147,투여기간주의,단일,D001766,Clazosentan,클라조센탄,-,[A110971]클라조센탄이나트륨,[02170]혈관확장제,-,20250530,-,용액주사제,-,15일,-,-,-,-,-,-,-,-,-,-,정상,-,
5421,투여기간주의,복합,D001645,TriglyceridesMedium-Chain,중쇄트리글리세리드,[D001646]Omega-3-AcidTriglycerides(오메가3산트리글리세리드)/[D001647]SoybeanOil(콩기름),[M099858]콩기름/[M114143]오메가3산트리글리세리드/[M250010]중쇄트리글리세리드,[03290]기타의자양강장변질제,-,20230531,-,유화주사제,-,7일,-,-,-,-,-,-,-,-,-,복합제,정상,-,
5183,투여기간주의,복합,D001652,Octenidine,옥테니딘,[D001540]Phenoxyethanol(페녹시에탄올),[A001280]페녹시에탄올/[A110477]옥테니딘염산염/[M080711]2-페녹시에탄올/[M201905]페녹시에탄올,[02610]외피용살균소독제,-,20231108,-,피부액제,-,14일,-,-,-,-,-,-,-,-,-,-,정상,-,
5429,투여기간주의,복합,D001651,Xylometazoline,자일로메타졸린,[D001655]L-carbocysteine(L-카르보시스테인),[A001014]자일로메타졸린/[M220819]L-카르보시스테인,[01320]이비과용제,-,20231108,-,점비액제,-,7일,-,-,-,-,-,-,-,-,-,-,정상,-,
5428,투여기간주의,복합,D001651,Xylometazoline,자일로메타졸린,[D001654]D-panthenol(D-판테놀),[A001014]자일로메타졸린/[A003587]덱스판테놀,[01320]이비과용제,-,20231108,-,점비액제,-,7일,-,-,-,-,-,-,-,-,-,-,정상,-,
5426,투여기간주의,복합,D001651,Xylometazoline,자일로메타졸린,[D000893]Chlorpheniramine(클로르페니라민),[A001014]자일로메타졸린/[M040616]말레인산클로르페니라민/[M050213]말레인산덱스클로르페니라민/[M051529]클로르페니라민/[M082701]디엘말레인산클로르페니라민/[M083325]디말레인산클로르페니라민/[M099959]말레인산클로로페니라민/[M100018]말레산클로르페니라민/[M100476]디말레인산클로르페니라민/[M101581]디엘말레인산클로르페니라민/[M200471]말레인산클로르페니라민제피과립/[M202197]D-말레인산클로르페니라민/[M202204]DL-말레인산클로르페니라민/[M203913]클로르페니라민말레인산염/[M212847]클로르페니라민말레이트/[M223211]클로르페니라민말레산염/[M223212]d-클로르페니라민말레산염/[M223213]클로르페니라민말레산염산/[M223214]클로르페니라민말레산염정/[M223215]클로르페니라민말레산염주사액/[M226783]dl-클로르페니라민말레산염/[M249715]덱스클로르페니라민말레산염/[M251936]덱스클로르페니라민말레이트,[01320]이비과용제,-,20231108,-,점비액제/일반액상분무제,-,7일,-,-,-,-,-,-,-,-,-,-,정상,-,
5425,투여기간주의,단일,D001651,Xylometazoline,자일로메타졸린,-,[A001014]자일로메타졸린,[01320]이비과용제,-,20231108,-,점비액제/일반액상분무제/정량액상분무제,-,7일,-,-,-,-,-,-,-,-,-,-,정상,-,
5457,투여기간주의,복합,D001673,Sennaleaf,센나엽,[D001669]Psylliumhusk(차전자피)/[D001123]CinnamomumcassiaBlume(육계)/[D001000]Licorice(감초)/[D001119]PeonyRoot(작약)/[D001683]Poncirusimmaturefruit(지실)/[D001145]GingerRoot(생강)/[D001681]Rhubarb(대황),-,[02380]하제|완장제,-,20231108,-,과립제,-,7일,-,-,-,-,-,-,-,-,-,-,정상,-,
